"KeyBindings"
{
	"Name"		"ARROW"
	"Version"		"12"
	"AlgorithmicUpdateVersion"		"8"
	"UseHeroBindings"		"0"
	"LinkPlayerToSpectator"		"0"
	"Keys"
	{
		"CameraDown"
		{
			"Key"		"DOWNARROW"
		}
		"CameraLeft"
		{
			"Key"		"LEFTARROW"
		}
		"CameraRight"
		{
			"Key"		"RIGHTARROW"
		}
		"CameraZoomIn"
		{
			"Mode"		"0"
		}
		"CameraZoomOut"
		{
			"Mode"		"0"
		}
		"ScoreboardToggle"
		{
			"Mode"		"0"
		}
		"ActivateGlyph"
		{
			"Mode"		"0"
			"Key"		"K"
		}
		"ActivateRadar"
		{
			"Mode"		"0"
			"Key"		"J"
		}
		"ChatTeam"
		{
			"Key"		"ENTER"
			"Mode"		"0"
		}
		"ChatTeam2"
		{
			"Key"		"KP_ENTER"
		}
		"HeroAttack"
		{
			"Key"		"A"
			"Mode"		"0"
		}
		"HeroStop"
		{
			"Mode"		"0"
			"Key"		"S"
		}
		"HeroHold"
		{
			"Mode"		"0"
		}
		"HeroSelect"
		{
			"Key"		"2"
			"Mode"		"0"
		}
		"CourierSelect"
		{
			"Mode"		"0"
			"Key"		"F18"
		}
		"ScoutSelect"
		{
			"Key"		"F7"
		}
		"CourierDeliver"
		{
			"Mode"		"0"
			"Key"		"Y"
		}
		"ControlGroup6"
		{
			"Key"		"4"
			"Mode"		"0"
		}
		"ControlGroup7"
		{
			"Mode"		"0"
		}
		"ControlGroup8"
		{
			"Mode"		"0"
		}
		"ControlGroup9"
		{
			"Mode"		"0"
		}
		"ControlGroup10"
		{
			"Key"		"5"
			"Mode"		"0"
		}
		"AbilitySecondary1"
		{
			"Mode"		"0"
		}
		"AbilitySecondary2"
		{
			"Mode"		"0"
		}
		"Inventory1"
		{
			"Mode"		"0"
		}
		"Inventory2"
		{
			"Mode"		"0"
		}
		"Inventory3"
		{
			"Mode"		"0"
			"Key"		"MOUSE4"
		}
		"Inventory4"
		{
			"Mode"		"0"
		}
		"Inventory5"
		{
			"Mode"		"0"
		}
		"Inventory6"
		{
			"Mode"		"0"
		}
		"InventoryTP"
		{
			"Key"		"B"
			"Mode"		"0"
		}
		"ShopToggle"
		{
			"Key"		"-"
			"Mode"		"0"
		}
		"PurchaseQuickbuy"
		{
			"Mode"		"0"
			"Key"		"U"
		}
		"PurchaseSticky"
		{
			"Key"		"N"
			"Mode"		"0"
		}
		"Console"
		{
			"Key"		"\"
		}
		"Escape"
		{
			"Key"		"ESCAPE"
		}
		"SpectatorCameraUp"
		{
			"Key"		"UPARROW"
			"Modifier"		"None"
			"Mode"		"0"
		}
		"SpectatorCameraDown"
		{
			"Key"		"DOWNARROW"
			"Modifier"		"None"
			"Mode"		"0"
		}
		"SpectatorCameraLeft"
		{
			"Key"		"LEFTARROW"
			"Modifier"		"None"
			"Mode"		"0"
		}
		"SpectatorCameraRight"
		{
			"Key"		"RIGHTARROW"
			"Modifier"		"None"
			"Mode"		"0"
		}
		"SpectatorIncreaseReplaySpeed"
		{
			"Key"		"MWHEELUP"
			"Mode"		"0"
		}
		"SpectatorDecreaseReplaySpeed"
		{
			"Key"		"MWHEELDOWN"
			"Mode"		"0"
		}
		"SpectatorChat"
		{
			"Key"		"ENTER"
			"Modifier"		"SHIFT"
			"Mode"		"0"
		}
		"SpectatorScoreboard"
		{
			"Key"		"j"
			"Modifier"		"None"
			"Mode"		"0"
		}
		"SpectatorStatsItem"
		{
			"Key"		"F5"
		}
		"SpectatorStatsGold"
		{
			"Key"		"F6"
		}
		"SpectatorStatsXP"
		{
			"Key"		"F7"
		}
		"SpectatorStatsWinChance"
		{
			"Key"		"F8"
		}
		"SpectatorFOWRadient"
		{
			"Key"		"F2"
		}
		"SpectatorFOWDire"
		{
			"Key"		"F3"
		}
		"SpectatorBroadcasterMenu"
		{
			"Key"		"F10"
		}
		"SpectatorDropdown_KDA"
		{
			"Key"		"q"
		}
		"SpectatorDropdown_Lasthits_Denies"
		{
			"Key"		"w"
		}
		"SpectatorDropdown_Level"
		{
			"Key"		"e"
		}
		"SpectatorDropdown_XP_Per_Min"
		{
			"Key"		"r"
		}
		"SpectatorDropdown_Gold"
		{
			"Key"		"t"
		}
		"SpectatorDropdown_NetWorth"
		{
			"Key"		"y"
		}
		"SpectatorDropdown_Fantasy"
		{
			"Key"		"o"
		}
		"SpectatorDropdown_Gold_Per_Min"
		{
			"Key"		"u"
			"PanelParent"		"page2"
		}
		"SpectatorDropdown_Buyback"
		{
			"Key"		"i"
		}
		"SpectatorDropdown_Sort"
		{
			"Key"		"s"
		}
		"SpectatorCameraFocusPlayer1"
		{
			"Key"		"1"
		}
		"SpectatorCameraFocusPlayer2"
		{
			"Key"		"2"
		}
		"SpectatorCameraFocusPlayer3"
		{
			"Key"		"3"
		}
		"SpectatorCameraFocusPlayer4"
		{
			"Key"		"4"
		}
		"SpectatorCameraFocusPlayer5"
		{
			"Key"		"5"
		}
		"SpectatorCameraFocusPlayer6"
		{
			"Key"		"6"
		}
		"SpectatorCameraFocusPlayer7"
		{
			"Key"		"7"
		}
		"SpectatorCameraFocusPlayer8"
		{
			"Key"		"8"
		}
		"SpectatorCameraFocusPlayer9"
		{
			"Key"		"9"
		}
		"SpectatorCameraFocusPlayer10"
		{
			"Key"		"0"
		}
		"ShopTabConsumables"
		{
			"Key"		"q"
			"Mode"		"-1"
		}
		"ShopTabAttributes"
		{
			"Key"		"w"
			"Mode"		"-1"
		}
		"ShopTabArmaments"
		{
			"Key"		"e"
			"Mode"		"-1"
		}
		"ShopTabArcane"
		{
			"Key"		"r"
			"Mode"		"-1"
		}
		"ShopTabBasics"
		{
			"Key"		"a"
			"Mode"		"-1"
		}
		"ShopTabSupport"
		{
			"Key"		"s"
			"Mode"		"-1"
		}
		"ShopTabCaster"
		{
			"Key"		"d"
			"Mode"		"-1"
		}
		"ShopTabWeapons"
		{
			"Key"		"g"
			"Mode"		"-1"
		}
		"ShopTabArmor"
		{
			"Key"		"f"
			"Mode"		"-1"
		}
		"ShopTabArtifacts"
		{
			"Key"		"h"
			"Mode"		"-1"
		}
		"ShopTabSidePage1"
		{
			"Key"		"z"
			"Mode"		"-1"
		}
		"ShopTabSidePage2"
		{
			"Key"		"x"
			"Mode"		"-1"
		}
		"ShopTabSecret"
		{
			"Key"		"c"
			"Mode"		"-1"
		}
		"ShopTabSearchBox"
		{
			"Key"		"v"
			"Mode"		"-1"
		}
		"ShopSlot1"
		{
			"Key"		"1"
			"Mode"		"-1"
		}
		"ShopSlot2"
		{
			"Key"		"2"
			"Mode"		"-1"
		}
		"ShopSlot3"
		{
			"Key"		"3"
			"Mode"		"-1"
		}
		"ShopSlot4"
		{
			"Key"		"4"
			"Mode"		"-1"
		}
		"ShopSlot5"
		{
			"Key"		"5"
			"Mode"		"-1"
		}
		"ShopSlot6"
		{
			"Key"		"6"
			"Mode"		"-1"
		}
		"ShopSlot7"
		{
			"Key"		"7"
			"Mode"		"-1"
		}
		"ShopSlot8"
		{
			"Key"		"8"
			"Mode"		"-1"
		}
		"ShopSlot9"
		{
			"Key"		"9"
			"Mode"		"-1"
		}
		"ShopSlot10"
		{
			"Key"		"0"
			"Mode"		"-1"
		}
		"ShopSlot11"
		{
			"Key"		"-"
			"Mode"		"-1"
		}
		"ShopSlot12"
		{
			"Key"		"="
			"Mode"		"-1"
		}
		"ShopSlot13"
		{
			"Key"		"["
			"Mode"		"-1"
		}
		"ShopSlot14"
		{
			"Key"		"]"
			"Mode"		"-1"
		}
		"InspectHeroInWorld"
		{
			"Key"		"."
			"Mode"		"0"
		}
		"ChatGlobal"
		{
			"Key"		"ENTER"
			"Modifier"		"SHIFT"
			"Mode"		"-1"
		}
		"ChatGlobal2"
		{
			"Key"		"KP_ENTER"
			"Modifier"		"SHIFT"
			"Mode"		"-1"
		}
		"AbilityPrimary1AutoCast"
		{
			"Mode"		"-1"
		}
		"AbilityPrimary2AutoCast"
		{
			"Mode"		"-1"
		}
		"AbilityPrimary3AutoCast"
		{
			"Mode"		"-1"
		}
		"AbilitySecondary1AutoCast"
		{
			"Mode"		"-1"
		}
		"AbilitySecondary2AutoCast"
		{
			"Mode"		"-1"
		}
		"AbilityUltimateAutoCast"
		{
			"Mode"		"-1"
		}
		"Inventory1AutoCast"
		{
			"Mode"		"-1"
		}
		"Inventory2AutoCast"
		{
			"Mode"		"-1"
		}
		"Inventory3AutoCast"
		{
			"Key"		"MOUSE4"
			"Modifier"		"ALT"
			"Mode"		"-1"
		}
		"Inventory4AutoCast"
		{
			"Mode"		"-1"
		}
		"Inventory5AutoCast"
		{
			"Mode"		"-1"
		}
		"Inventory6AutoCast"
		{
			"Mode"		"-1"
		}
		"InventoryTPAutoCast"
		{
			"Key"		"b"
			"Modifier"		"ALT"
			"Mode"		"-1"
		}
		"SpectatorCameraGrip"
		{
			"Key"		"MOUSE3"
			"Modifier"		"None"
			"Mode"		"-1"
		}
		"SpectatorHeroSelect"
		{
			"Key"		"-"
			"Modifier"		"None"
			"Mode"		"-1"
		}
		"SpectatorPause"
		{
			"Key"		"A"
			"Mode"		"-1"
		}
		"InventoryNeutral"
		{
			"Mode"		"-1"
		}
		"InventoryNeutralAutoCast"
		{
			"Mode"		"-1"
		}
		"SpectatorFOWBoth"
		{
			"Key"		"F1"
			"Mode"		"-1"
		}
		"ControlGroupCyclePrev"
		{
			"Mode"		"-1"
		}
		"SelectAll"
		{
			"Key"		"L"
			"Mode"		"-1"
		}
		"ControlGroupCycle"
		{
			"Key"		"TAB"
			"Mode"		"-1"
		}
		"Inventory1QuickCast"
		{
			"Key"		"V"
			"Mode"		"1"
		}
		"Inventory1QuickAutoCast"
		{
			"Key"		"v"
			"Modifier"		"ALT"
			"Mode"		"-1"
		}
		"Inventory2QuickCast"
		{
			"Key"		"H"
			"Mode"		"1"
		}
		"Inventory2QuickAutoCast"
		{
			"Key"		"h"
			"Modifier"		"ALT"
			"Mode"		"-1"
		}
		"Inventory3QuickCast"
		{
			"Mode"		"1"
			"Key"		"/"
		}
		"Inventory3QuickAutoCast"
		{
			"Key"		"/"
			"Modifier"		"ALT"
			"Mode"		"-1"
		}
		"Inventory4QuickCast"
		{
			"Key"		"Z"
			"Mode"		"1"
		}
		"Inventory4QuickAutoCast"
		{
			"Key"		"z"
			"Modifier"		"ALT"
			"Mode"		"-1"
		}
		"Inventory5QuickCast"
		{
			"Key"		"X"
			"Mode"		"1"
		}
		"Inventory5QuickAutoCast"
		{
			"Key"		"x"
			"Modifier"		"ALT"
			"Mode"		"-1"
		}
		"Inventory6QuickCast"
		{
			"Key"		"C"
			"Mode"		"1"
		}
		"Inventory6QuickAutoCast"
		{
			"Key"		"c"
			"Modifier"		"ALT"
			"Mode"		"-1"
		}
		"InventoryTPQuickCast"
		{
			"Mode"		"1"
		}
		"InventoryTPQuickAutoCast"
		{
			"Mode"		"-1"
		}
		"InventoryNeutralQuickCast"
		{
			"Key"		"T"
			"Mode"		"1"
		}
		"InventoryNeutralQuickAutoCast"
		{
			"Key"		"t"
			"Modifier"		"ALT"
			"Mode"		"-1"
		}
		"ControlGroup1"
		{
			"Key"		"1"
			"Mode"		"-1"
		}
		"ControlGroup2"
		{
			"Key"		"F3"
			"Mode"		"-1"
		}
		"HeroTaunt"
		{
			"Mode"		"-1"
		}
		"ChatWheel"
		{
			"Mode"		"-1"
		}
		"AbilityPrimary1"
		{
			"Mode"		"-1"
		}
		"AbilityPrimary1QuickCast"
		{
			"Key"		"Q"
			"Mode"		"1"
		}
		"AbilityPrimary1AutoCastAlternate2"
		{
			"Key"		"q"
			"Modifier"		"ALT"
			"Mode"		"-1"
		}
		"AbilityPrimary2QuickCast"
		{
			"Key"		"W"
			"Mode"		"-1"
		}
		"AbilityPrimary2AutoCastAlternate2"
		{
			"Key"		"w"
			"Modifier"		"ALT"
			"Mode"		"-1"
		}
		"AbilityPrimary3QuickCast"
		{
			"Key"		"E"
			"Mode"		"-1"
		}
		"AbilityPrimary3AutoCastAlternate2"
		{
			"Key"		"e"
			"Modifier"		"ALT"
			"Mode"		"-1"
		}
		"AbilitySecondary1QuickCast"
		{
			"Key"		"D"
			"Mode"		"-1"
		}
		"AbilitySecondary1AutoCastAlternate2"
		{
			"Key"		"d"
			"Modifier"		"ALT"
			"Mode"		"-1"
		}
		"AbilitySecondary2QuickCast"
		{
			"Key"		"F"
			"Mode"		"-1"
		}
		"AbilitySecondary2AutoCastAlternate2"
		{
			"Key"		"f"
			"Modifier"		"ALT"
			"Mode"		"-1"
		}
		"AbilityUltimateQuickCast"
		{
			"Key"		"R"
			"Mode"		"-1"
		}
		"AbilityUltimateAutoCastAlternate2"
		{
			"Key"		"r"
			"Modifier"		"ALT"
			"Mode"		"-1"
		}
		"ChatVoiceTeam"
		{
			"Key"		"MOUSE5"
			"Modifier"		"ALT"
			"Mode"		"-1"
		}
		"ControlGroup5"
		{
			"Key"		"3"
			"Mode"		"-1"
		}
		"ControlGroup3"
		{
			"Key"		"F4"
			"Mode"		"-1"
		}
		"ControlGroup4"
		{
			"Key"		"F2"
			"Mode"		"-1"
		}
		"ChatVoiceParty"
		{
			"Mode"		"-1"
		}
		"ChatWheel2"
		{
			"Key"		","
			"Mode"		"-1"
		}
		"HeroMoveDirection"
		{
			"Key"		"SPACE"
			"Mode"		"-1"
		}
		"SelectAllOthers"
		{
			"Key"		"M"
			"Mode"		"-1"
		}
		"ToggleAutoattack"
		{
			"Mode"		"-1"
		}
		"GrabStashItems"
		{
			"Key"		"MWHEELUP"
			"Mode"		"-1"
		}
		"DotaAlternativeCastSwitch"
		{
			"Mode"		"-1"
		}
		"ChatWheelGoodJob"
		{
			"Mode"		"-1"
		}
		"ChatWheelGetPush"
		{
			"Mode"		"-1"
		}
		"ChatWheelGetBack"
		{
			"Mode"		"-1"
		}
		"CameraGrip"
		{
			"Key"		"MOUSE3"
			"Mode"		"-1"
		}
		"ScreenshotSettings"
		{
			"Mode"		"-1"
		}
		"DotaAlt"
		{
			"Mode"		"-1"
		}
		"OverlayMapToggle"
		{
			"Mode"		"-1"
		}
		"ChatWheelCare"
		{
			"Mode"		"-1"
		}
		"CameraSavedPosition1"
		{
			"Key"		"INS"
			"Mode"		"-1"
		}
		"ChatWheelMissing"
		{
			"Mode"		"-1"
		}
		"CameraUp"
		{
			"Key"		"UPARROW"
			"Mode"		"-1"
		}
		"SelectAlly2"
		{
			"Key"		"F21"
			"Mode"		"-1"
		}
		"SpectatorDropdown_HeroFacet"
		{
			"Key"		"f"
			"Mode"		"-1"
		}
		"FilterNonHero"
		{
			"Key"		"MOUSE5"
			"Mode"		"-1"
		}
		"NeutralItemSelect1"
		{
			"Mode"		"-1"
		}
		"NeutralItemSelect2"
		{
			"Mode"		"-1"
		}
		"NeutralItemSelect3"
		{
			"Mode"		"-1"
		}
		"NeutralItemSelect4"
		{
			"Mode"		"-1"
		}
		"FilterEnemy"
		{
			"Mode"		"-1"
		}
		"HeroMove"
		{
			"Mode"		"-1"
		}
		"RecentEvent"
		{
			"Mode"		"-1"
		}
		"SpectatorCoach_ViewToggle"
		{
			"Key"		"SPACE"
			"Mode"		"-1"
		}
		"CameraSavedPosition2"
		{
			"Key"		"HOME"
			"Mode"		"-1"
		}
		"CameraSavedPosition3"
		{
			"Key"		"PGUP"
			"Mode"		"-1"
		}
		"CameraSavedPosition4"
		{
			"Key"		"END"
			"Mode"		"-1"
		}
		"CameraSavedPosition5"
		{
			"Key"		"PGDN"
			"Mode"		"-1"
		}
		"CameraSavedPosition6"
		{
			"Mode"		"-1"
		}
		"CameraSavedPosition7"
		{
			"Mode"		"-1"
		}
		"CameraSavedPosition8"
		{
			"Mode"		"-1"
		}
		"CameraSavedPosition9"
		{
			"Mode"		"-1"
		}
		"CameraSavedPosition10"
		{
			"Mode"		"-1"
		}
		"SelectAlly1"
		{
			"Key"		"F20"
			"Mode"		"-1"
		}
		"SelectAlly3"
		{
			"Key"		"F22"
			"Mode"		"-1"
		}
		"SelectAlly5"
		{
			"Key"		"F24"
			"Mode"		"-1"
		}
		"SelectAlly4"
		{
			"Key"		"F23"
			"Mode"		"-1"
		}
		"LearnAbilities"
		{
			"Mode"		"-1"
		}
		"Pause"
		{
			"Key"		"F9"
			"Mode"		"-1"
		}
		"TalentUpgradeStatLeft"
		{
			"Key"		"1"
			"Mode"		"-1"
		}
		"TalentUpgradeStatRight"
		{
			"Key"		"2"
			"Mode"		"-1"
		}
		"TalentUpgradeAttribute"
		{
			"Key"		"3"
			"Mode"		"-1"
		}
		"CourierBurst"
		{
			"Key"		"O"
			"Mode"		"-1"
		}
		"CourierShield"
		{
			"Key"		"I"
			"Mode"		"-1"
		}
	}
	"PerUnitKeybinds"		"1"
	"Units"
	{
		"npc_dota_hero_earth_spirit"
		{
			"AbilityPrimary1"
			{
				"Mode"		"0"
			}
			"AbilityPrimary2"
			{
				"Mode"		"0"
			}
			"AbilityPrimary3"
			{
				"Mode"		"-1"
			}
			"AbilitySecondary1"
			{
				"Mode"		"0"
			}
			"AbilitySecondary2"
			{
				"Mode"		"0"
			}
			"AbilityUltimate"
			{
				"Mode"		"-1"
			}
			"TalentUpgradeStatLeft"
			{
				"Key"		"1"
				"Mode"		"-1"
			}
			"TalentUpgradeStatRight"
			{
				"Key"		"2"
				"Mode"		"-1"
			}
			"TalentUpgradeAttribute"
			{
				"Key"		"3"
				"Mode"		"-1"
			}
			"AbilityPrimary1AutoCast"
			{
				"Mode"		"0"
			}
			"AbilityPrimary2AutoCast"
			{
				"Mode"		"-1"
			}
			"AbilityPrimary3AutoCast"
			{
				"Mode"		"-1"
			}
			"AbilitySecondary1AutoCast"
			{
				"Mode"		"-1"
			}
			"AbilitySecondary2AutoCast"
			{
				"Mode"		"-1"
			}
			"AbilityUltimateAutoCast"
			{
				"Mode"		"-1"
			}
			"AbilityPrimary2QuickCast"
			{
				"Key"		"W"
				"Mode"		"-1"
			}
			"AbilityPrimary2AutoCastAlternate2"
			{
				"Key"		"w"
				"Modifier"		"ALT"
				"ChannelCancel"		"ALT"
				"Mode"		"-1"
			}
			"AbilityPrimary1QuickCast"
			{
				"Key"		"Q"
				"Mode"		"-1"
			}
			"AbilityPrimary1AutoCastAlternate2"
			{
				"Key"		"q"
				"Modifier"		"ALT"
				"ChannelCancel"		"ALT"
				"Mode"		"-1"
			}
			"AbilityPrimary3QuickCast"
			{
				"Key"		"E"
				"Mode"		"-1"
			}
			"AbilityPrimary3AutoCastAlternate2"
			{
				"Key"		"e"
				"Modifier"		"ALT"
				"ChannelCancel"		"ALT"
				"Mode"		"-1"
			}
			"AbilitySecondary1QuickCast"
			{
				"Key"		"D"
				"Mode"		"-1"
			}
			"AbilitySecondary1AutoCastAlternate2"
			{
				"Key"		"d"
				"Modifier"		"ALT"
				"ChannelCancel"		"ALT"
				"Mode"		"-1"
			}
			"AbilitySecondary2QuickCast"
			{
				"Key"		"F"
				"Mode"		"-1"
			}
			"AbilitySecondary2AutoCastAlternate2"
			{
				"Key"		"f"
				"Modifier"		"ALT"
				"ChannelCancel"		"ALT"
				"Mode"		"-1"
			}
			"AbilityUltimateQuickCast"
			{
				"Key"		"R"
				"Mode"		"-1"
			}
			"AbilityUltimateAutoCastAlternate2"
			{
				"Key"		"r"
				"Modifier"		"ALT"
				"ChannelCancel"		"ALT"
				"Mode"		"-1"
			}
		}
		"npc_dota_hero_slark"
		{
			"AbilityPrimary1"
			{
				"Mode"		"0"
			}
			"AbilitySecondary1"
			{
				"Key"		"D"
				"Mode"		"0"
			}
			"AbilitySecondary2"
			{
				"Mode"		"0"
			}
			"TalentUpgradeStatLeft"
			{
				"Key"		"1"
				"Mode"		"-1"
			}
			"TalentUpgradeStatRight"
			{
				"Key"		"2"
				"Mode"		"-1"
			}
			"TalentUpgradeAttribute"
			{
				"Key"		"3"
				"Mode"		"-1"
			}
			"AbilityPrimary1QuickCast"
			{
				"Key"		"Q"
				"Mode"		"-1"
			}
			"AbilityPrimary2QuickCast"
			{
				"Key"		"W"
				"Mode"		"-1"
			}
			"AbilityPrimary3QuickCast"
			{
				"Key"		"E"
				"Mode"		"-1"
			}
			"AbilitySecondary1QuickCast"
			{
				"Mode"		"-1"
			}
			"AbilitySecondary2QuickCast"
			{
				"Key"		"F"
				"Mode"		"-1"
			}
			"AbilityUltimateQuickCast"
			{
				"Key"		"R"
				"Mode"		"-1"
			}
			"AbilityPrimary1AutoCastAlternate2"
			{
				"Key"		"q"
				"Modifier"		"ALT"
				"ChannelCancel"		"ALT"
				"Mode"		"-1"
			}
			"AbilityPrimary2AutoCastAlternate2"
			{
				"Key"		"w"
				"Modifier"		"ALT"
				"ChannelCancel"		"ALT"
				"Mode"		"-1"
			}
			"AbilityPrimary3AutoCastAlternate2"
			{
				"Key"		"e"
				"Modifier"		"ALT"
				"ChannelCancel"		"ALT"
				"Mode"		"-1"
			}
			"AbilitySecondary1AutoCastAlternate2"
			{
				"Mode"		"-1"
			}
			"AbilitySecondary2AutoCastAlternate2"
			{
				"Key"		"f"
				"Modifier"		"ALT"
				"ChannelCancel"		"ALT"
				"Mode"		"-1"
			}
			"AbilityUltimateAutoCastAlternate2"
			{
				"Key"		"r"
				"Modifier"		"ALT"
				"ChannelCancel"		"ALT"
				"Mode"		"-1"
			}
			"AbilityPrimary1AutoCast"
			{
				"Mode"		"0"
			}
			"AbilityPrimary2AutoCast"
			{
				"Mode"		"0"
			}
			"AbilityPrimary3AutoCast"
			{
				"Mode"		"0"
			}
			"AbilitySecondary1AutoCast"
			{
				"Key"		"d"
				"Modifier"		"ALT"
				"Mode"		"0"
				"ChannelCancel"		"ALT"
			}
			"AbilitySecondary2AutoCast"
			{
				"Mode"		"0"
			}
			"AbilityUltimateAutoCast"
			{
				"Mode"		"0"
			}
		}
		"npc_dota_hero_alchemist"
		{
			"AbilityPrimary1"
			{
				"Key"		"Q"
				"Mode"		"0"
			}
			"AbilitySecondary1"
			{
				"Mode"		"0"
			}
			"AbilitySecondary2"
			{
				"Mode"		"0"
			}
			"TalentUpgradeStatLeft"
			{
				"Key"		"1"
				"Mode"		"-1"
			}
			"TalentUpgradeStatRight"
			{
				"Key"		"2"
				"Mode"		"-1"
			}
			"TalentUpgradeAttribute"
			{
				"Key"		"3"
				"Mode"		"-1"
			}
			"AbilityPrimary1QuickCast"
			{
				"Mode"		"-1"
			}
			"AbilityPrimary2QuickCast"
			{
				"Key"		"W"
				"Mode"		"-1"
			}
			"AbilityPrimary3QuickCast"
			{
				"Key"		"E"
				"Mode"		"-1"
			}
			"AbilitySecondary1QuickCast"
			{
				"Key"		"D"
				"Mode"		"-1"
			}
			"AbilitySecondary2QuickCast"
			{
				"Key"		"F"
				"Mode"		"-1"
			}
			"AbilityUltimateQuickCast"
			{
				"Key"		"R"
				"Mode"		"-1"
			}
			"AbilityPrimary1AutoCastAlternate2"
			{
				"Mode"		"-1"
			}
			"AbilityPrimary2AutoCastAlternate2"
			{
				"Key"		"w"
				"Modifier"		"ALT"
				"ChannelCancel"		"ALT"
				"Mode"		"-1"
			}
			"AbilityPrimary3AutoCastAlternate2"
			{
				"Key"		"e"
				"Modifier"		"ALT"
				"ChannelCancel"		"ALT"
				"Mode"		"-1"
			}
			"AbilitySecondary1AutoCastAlternate2"
			{
				"Key"		"d"
				"Modifier"		"ALT"
				"ChannelCancel"		"ALT"
				"Mode"		"-1"
			}
			"AbilitySecondary2AutoCastAlternate2"
			{
				"Key"		"f"
				"Modifier"		"ALT"
				"ChannelCancel"		"ALT"
				"Mode"		"-1"
			}
			"AbilityUltimateAutoCastAlternate2"
			{
				"Key"		"r"
				"Modifier"		"ALT"
				"ChannelCancel"		"ALT"
				"Mode"		"-1"
			}
			"AbilityPrimary1AutoCast"
			{
				"Key"		"q"
				"Modifier"		"ALT"
				"Mode"		"0"
				"ChannelCancel"		"ALT"
			}
			"AbilityPrimary2AutoCast"
			{
				"Mode"		"0"
			}
			"AbilityPrimary3AutoCast"
			{
				"Mode"		"0"
			}
			"AbilitySecondary1AutoCast"
			{
				"Mode"		"0"
			}
			"AbilitySecondary2AutoCast"
			{
				"Mode"		"0"
			}
			"AbilityUltimateAutoCast"
			{
				"Mode"		"0"
			}
		}
		"npc_dota_hero_faceless_void"
		{
			"AbilityPrimary1"
			{
				"Mode"		"0"
			}
			"AbilitySecondary1"
			{
				"Mode"		"0"
			}
			"AbilitySecondary2"
			{
				"Mode"		"0"
			}
			"TalentUpgradeStatLeft"
			{
				"Key"		"1"
				"Mode"		"-1"
			}
			"TalentUpgradeStatRight"
			{
				"Key"		"2"
				"Mode"		"-1"
			}
			"TalentUpgradeAttribute"
			{
				"Key"		"3"
				"Mode"		"-1"
			}
			"AbilityPrimary1QuickCast"
			{
				"Key"		"Q"
				"Mode"		"-1"
			}
			"AbilityPrimary2QuickCast"
			{
				"Key"		"W"
				"Mode"		"-1"
			}
			"AbilityPrimary3QuickCast"
			{
				"Key"		"E"
				"Mode"		"-1"
			}
			"AbilitySecondary1QuickCast"
			{
				"Key"		"D"
				"Mode"		"-1"
			}
			"AbilitySecondary2QuickCast"
			{
				"Key"		"F"
				"Mode"		"-1"
			}
			"AbilityUltimateQuickCast"
			{
				"Mode"		"-1"
			}
			"AbilityPrimary1AutoCastAlternate2"
			{
				"Key"		"q"
				"Modifier"		"ALT"
				"ChannelCancel"		"ALT"
				"Mode"		"-1"
			}
			"AbilityPrimary2AutoCastAlternate2"
			{
				"Key"		"w"
				"Modifier"		"ALT"
				"ChannelCancel"		"ALT"
				"Mode"		"-1"
			}
			"AbilityPrimary3AutoCastAlternate2"
			{
				"Key"		"e"
				"Modifier"		"ALT"
				"ChannelCancel"		"ALT"
				"Mode"		"-1"
			}
			"AbilitySecondary1AutoCastAlternate2"
			{
				"Key"		"d"
				"Modifier"		"ALT"
				"ChannelCancel"		"ALT"
				"Mode"		"-1"
			}
			"AbilitySecondary2AutoCastAlternate2"
			{
				"Key"		"f"
				"Modifier"		"ALT"
				"ChannelCancel"		"ALT"
				"Mode"		"-1"
			}
			"AbilityUltimateAutoCastAlternate2"
			{
				"Mode"		"-1"
			}
			"AbilityPrimary1AutoCast"
			{
				"Mode"		"0"
			}
			"AbilityPrimary2AutoCast"
			{
				"Mode"		"0"
			}
			"AbilityPrimary3AutoCast"
			{
				"Mode"		"0"
			}
			"AbilitySecondary1AutoCast"
			{
				"Mode"		"0"
			}
			"AbilitySecondary2AutoCast"
			{
				"Mode"		"0"
			}
			"AbilityUltimateAutoCast"
			{
				"Key"		"r"
				"Modifier"		"ALT"
				"Mode"		"0"
				"ChannelCancel"		"ALT"
			}
			"AbilityUltimate"
			{
				"Key"		"R"
				"Mode"		"-1"
			}
		}
		"npc_dota_hero_mars"
		{
			"AbilityPrimary1"
			{
				"Mode"		"0"
			}
			"AbilitySecondary1"
			{
				"Mode"		"0"
			}
			"AbilitySecondary2"
			{
				"Mode"		"0"
			}
			"TalentUpgradeStatLeft"
			{
				"Key"		"1"
				"Mode"		"-1"
			}
			"TalentUpgradeStatRight"
			{
				"Key"		"2"
				"Mode"		"-1"
			}
			"TalentUpgradeAttribute"
			{
				"Key"		"3"
				"Mode"		"-1"
			}
			"AbilityPrimary1QuickCast"
			{
				"Key"		"Q"
				"Mode"		"-1"
			}
			"AbilityPrimary2QuickCast"
			{
				"Key"		"W"
				"Mode"		"-1"
			}
			"AbilityPrimary3QuickCast"
			{
				"Key"		"E"
				"Mode"		"-1"
			}
			"AbilitySecondary1QuickCast"
			{
				"Key"		"D"
				"Mode"		"-1"
			}
			"AbilitySecondary2QuickCast"
			{
				"Mode"		"-1"
			}
			"AbilityUltimateQuickCast"
			{
				"Key"		"F"
				"Mode"		"-1"
			}
			"AbilityPrimary1AutoCastAlternate2"
			{
				"Key"		"q"
				"Modifier"		"ALT"
				"ChannelCancel"		"ALT"
				"Mode"		"-1"
			}
			"AbilityPrimary2AutoCastAlternate2"
			{
				"Key"		"w"
				"Modifier"		"ALT"
				"ChannelCancel"		"ALT"
				"Mode"		"-1"
			}
			"AbilityPrimary3AutoCastAlternate2"
			{
				"Key"		"e"
				"Modifier"		"ALT"
				"ChannelCancel"		"ALT"
				"Mode"		"-1"
			}
			"AbilitySecondary1AutoCastAlternate2"
			{
				"Key"		"d"
				"Modifier"		"ALT"
				"ChannelCancel"		"ALT"
				"Mode"		"-1"
			}
			"AbilitySecondary2AutoCastAlternate2"
			{
				"Mode"		"-1"
			}
			"AbilityUltimateAutoCastAlternate2"
			{
				"Key"		"f"
				"Modifier"		"ALT"
				"ChannelCancel"		"ALT"
				"Mode"		"-1"
			}
			"AbilityPrimary1AutoCast"
			{
				"Mode"		"0"
			}
			"AbilityPrimary2AutoCast"
			{
				"Mode"		"0"
			}
			"AbilityPrimary3AutoCast"
			{
				"Mode"		"0"
			}
			"AbilitySecondary1AutoCast"
			{
				"Mode"		"0"
			}
			"AbilitySecondary2AutoCast"
			{
				"Mode"		"0"
			}
			"AbilityUltimateAutoCast"
			{
				"Mode"		"0"
				"Key"		"r"
				"Modifier"		"ALT"
				"ChannelCancel"		"ALT"
			}
			"AbilityUltimate"
			{
				"Key"		"R"
				"Mode"		"-1"
			}
		}
		"npc_dota_hero_meepo"
		{
			"AbilityPrimary1"
			{
				"Key"		"Q"
				"Mode"		"0"
			}
			"AbilitySecondary1"
			{
				"Mode"		"0"
			}
			"AbilitySecondary2"
			{
				"Mode"		"0"
			}
			"TalentUpgradeStatLeft"
			{
				"Key"		"1"
				"Mode"		"-1"
			}
			"TalentUpgradeStatRight"
			{
				"Key"		"2"
				"Mode"		"-1"
			}
			"TalentUpgradeAttribute"
			{
				"Key"		"3"
				"Mode"		"-1"
			}
			"AbilityPrimary1QuickCast"
			{
				"Mode"		"-1"
			}
			"AbilityPrimary2QuickCast"
			{
				"Key"		"W"
				"Mode"		"-1"
			}
			"AbilityPrimary3QuickCast"
			{
				"Key"		"E"
				"Mode"		"-1"
			}
			"AbilitySecondary1QuickCast"
			{
				"Key"		"D"
				"Mode"		"-1"
			}
			"AbilitySecondary2QuickCast"
			{
				"Key"		"F"
				"Mode"		"-1"
			}
			"AbilityUltimateQuickCast"
			{
				"Key"		"R"
				"Mode"		"-1"
			}
			"AbilityPrimary1AutoCastAlternate2"
			{
				"Mode"		"-1"
			}
			"AbilityPrimary2AutoCastAlternate2"
			{
				"Key"		"w"
				"Modifier"		"ALT"
				"ChannelCancel"		"ALT"
				"Mode"		"-1"
			}
			"AbilityPrimary3AutoCastAlternate2"
			{
				"Key"		"e"
				"Modifier"		"ALT"
				"ChannelCancel"		"ALT"
				"Mode"		"-1"
			}
			"AbilitySecondary1AutoCastAlternate2"
			{
				"Key"		"d"
				"Modifier"		"ALT"
				"ChannelCancel"		"ALT"
				"Mode"		"-1"
			}
			"AbilitySecondary2AutoCastAlternate2"
			{
				"Key"		"f"
				"Modifier"		"ALT"
				"ChannelCancel"		"ALT"
				"Mode"		"-1"
			}
			"AbilityUltimateAutoCastAlternate2"
			{
				"Key"		"r"
				"Modifier"		"ALT"
				"ChannelCancel"		"ALT"
				"Mode"		"-1"
			}
			"AbilityPrimary1AutoCast"
			{
				"Key"		"q"
				"Modifier"		"ALT"
				"Mode"		"0"
				"ChannelCancel"		"ALT"
			}
			"AbilityPrimary2AutoCast"
			{
				"Mode"		"0"
			}
			"AbilityPrimary3AutoCast"
			{
				"Mode"		"0"
			}
			"AbilitySecondary1AutoCast"
			{
				"Mode"		"0"
			}
			"AbilitySecondary2AutoCast"
			{
				"Mode"		"0"
			}
			"AbilityUltimateAutoCast"
			{
				"Mode"		"0"
			}
		}
		"npc_dota_hero_arc_warden"
		{
			"AbilityPrimary1"
			{
				"Mode"		"0"
			}
			"AbilitySecondary1"
			{
				"Mode"		"0"
			}
			"AbilitySecondary2"
			{
				"Mode"		"0"
			}
			"TalentUpgradeStatLeft"
			{
				"Key"		"1"
				"Mode"		"-1"
			}
			"TalentUpgradeStatRight"
			{
				"Key"		"2"
				"Mode"		"-1"
			}
			"TalentUpgradeAttribute"
			{
				"Key"		"3"
				"Mode"		"-1"
			}
			"AbilityPrimary1QuickCast"
			{
				"Key"		"Q"
				"Mode"		"-1"
			}
			"AbilityPrimary2QuickCast"
			{
				"Key"		"W"
				"Mode"		"-1"
			}
			"AbilityPrimary3QuickCast"
			{
				"Key"		"E"
				"Mode"		"-1"
			}
			"AbilitySecondary1QuickCast"
			{
				"Key"		"D"
				"Mode"		"-1"
			}
			"AbilitySecondary2QuickCast"
			{
				"Mode"		"-1"
			}
			"AbilityUltimateQuickCast"
			{
				"Key"		"R"
				"Mode"		"-1"
			}
			"AbilityPrimary1AutoCastAlternate2"
			{
				"Key"		"q"
				"Modifier"		"ALT"
				"ChannelCancel"		"ALT"
				"Mode"		"-1"
			}
			"AbilityPrimary2AutoCastAlternate2"
			{
				"Key"		"w"
				"Modifier"		"ALT"
				"ChannelCancel"		"ALT"
				"Mode"		"-1"
			}
			"AbilityPrimary3AutoCastAlternate2"
			{
				"Key"		"e"
				"Modifier"		"ALT"
				"ChannelCancel"		"ALT"
				"Mode"		"-1"
			}
			"AbilitySecondary1AutoCastAlternate2"
			{
				"Key"		"d"
				"Modifier"		"ALT"
				"ChannelCancel"		"ALT"
				"Mode"		"-1"
			}
			"AbilitySecondary2AutoCastAlternate2"
			{
				"Mode"		"-1"
			}
			"AbilityUltimateAutoCastAlternate2"
			{
				"Key"		"r"
				"Modifier"		"ALT"
				"ChannelCancel"		"ALT"
				"Mode"		"-1"
			}
			"AbilityPrimary1AutoCast"
			{
				"Mode"		"0"
			}
			"AbilityPrimary2AutoCast"
			{
				"Mode"		"0"
			}
			"AbilityPrimary3AutoCast"
			{
				"Mode"		"0"
				"Key"		"f"
				"Modifier"		"ALT"
				"ChannelCancel"		"ALT"
			}
			"AbilitySecondary1AutoCast"
			{
				"Mode"		"0"
			}
			"AbilitySecondary2AutoCast"
			{
				"Mode"		"0"
			}
			"AbilityUltimateAutoCast"
			{
				"Mode"		"0"
			}
			"AbilityPrimary3"
			{
				"Key"		"F"
				"Mode"		"-1"
			}
			"AbilityPrimary2"
			{
				"Mode"		"-1"
			}
		}
		"npc_dota_hero_kunkka"
		{
			"AbilityPrimary1"
			{
				"Key"		"Q"
				"Mode"		"0"
			}
			"AbilitySecondary1"
			{
				"Key"		"D"
				"Mode"		"0"
			}
			"AbilitySecondary2"
			{
				"Mode"		"0"
			}
			"TalentUpgradeStatLeft"
			{
				"Key"		"1"
				"Mode"		"-1"
			}
			"TalentUpgradeStatRight"
			{
				"Key"		"2"
				"Mode"		"-1"
			}
			"TalentUpgradeAttribute"
			{
				"Key"		"3"
				"Mode"		"-1"
			}
			"AbilityPrimary1QuickCast"
			{
				"Mode"		"-1"
			}
			"AbilityPrimary2QuickCast"
			{
				"Key"		"W"
				"Mode"		"-1"
			}
			"AbilityPrimary3QuickCast"
			{
				"Key"		"E"
				"Mode"		"-1"
			}
			"AbilitySecondary1QuickCast"
			{
				"Mode"		"-1"
			}
			"AbilitySecondary2QuickCast"
			{
				"Key"		"F"
				"Mode"		"-1"
			}
			"AbilityUltimateQuickCast"
			{
				"Key"		"R"
				"Mode"		"-1"
			}
			"AbilityPrimary1AutoCastAlternate2"
			{
				"Mode"		"-1"
			}
			"AbilityPrimary2AutoCastAlternate2"
			{
				"Key"		"w"
				"Modifier"		"ALT"
				"ChannelCancel"		"ALT"
				"Mode"		"-1"
			}
			"AbilityPrimary3AutoCastAlternate2"
			{
				"Key"		"e"
				"Modifier"		"ALT"
				"ChannelCancel"		"ALT"
				"Mode"		"-1"
			}
			"AbilitySecondary1AutoCastAlternate2"
			{
				"Mode"		"-1"
			}
			"AbilitySecondary2AutoCastAlternate2"
			{
				"Key"		"f"
				"Modifier"		"ALT"
				"ChannelCancel"		"ALT"
				"Mode"		"-1"
			}
			"AbilityUltimateAutoCastAlternate2"
			{
				"Key"		"r"
				"Modifier"		"ALT"
				"ChannelCancel"		"ALT"
				"Mode"		"-1"
			}
			"AbilityPrimary1AutoCast"
			{
				"Key"		"q"
				"Modifier"		"ALT"
				"Mode"		"0"
				"ChannelCancel"		"ALT"
			}
			"AbilityPrimary2AutoCast"
			{
				"Mode"		"0"
			}
			"AbilityPrimary3AutoCast"
			{
				"Mode"		"0"
			}
			"AbilitySecondary1AutoCast"
			{
				"Key"		"d"
				"Modifier"		"ALT"
				"Mode"		"0"
				"ChannelCancel"		"ALT"
			}
			"AbilitySecondary2AutoCast"
			{
				"Mode"		"0"
			}
			"AbilityUltimateAutoCast"
			{
				"Mode"		"0"
			}
		}
		"npc_dota_hero_abyssal_underlord"
		{
			"AbilityPrimary1"
			{
				"Key"		"Q"
				"Mode"		"0"
			}
			"AbilitySecondary1"
			{
				"Mode"		"0"
			}
			"AbilitySecondary2"
			{
				"Mode"		"0"
			}
			"TalentUpgradeStatLeft"
			{
				"Key"		"1"
				"Mode"		"-1"
			}
			"TalentUpgradeStatRight"
			{
				"Key"		"2"
				"Mode"		"-1"
			}
			"TalentUpgradeAttribute"
			{
				"Key"		"3"
				"Mode"		"-1"
			}
			"AbilityPrimary1QuickCast"
			{
				"Mode"		"-1"
			}
			"AbilityPrimary2QuickCast"
			{
				"Mode"		"-1"
			}
			"AbilityPrimary3QuickCast"
			{
				"Key"		"E"
				"Mode"		"-1"
			}
			"AbilitySecondary1QuickCast"
			{
				"Key"		"D"
				"Mode"		"-1"
			}
			"AbilitySecondary2QuickCast"
			{
				"Key"		"F"
				"Mode"		"-1"
			}
			"AbilityUltimateQuickCast"
			{
				"Mode"		"-1"
			}
			"AbilityPrimary1AutoCastAlternate2"
			{
				"Mode"		"-1"
			}
			"AbilityPrimary2AutoCastAlternate2"
			{
				"Mode"		"-1"
			}
			"AbilityPrimary3AutoCastAlternate2"
			{
				"Key"		"e"
				"Modifier"		"ALT"
				"ChannelCancel"		"ALT"
				"Mode"		"-1"
			}
			"AbilitySecondary1AutoCastAlternate2"
			{
				"Key"		"d"
				"Modifier"		"ALT"
				"ChannelCancel"		"ALT"
				"Mode"		"-1"
			}
			"AbilitySecondary2AutoCastAlternate2"
			{
				"Key"		"f"
				"Modifier"		"ALT"
				"ChannelCancel"		"ALT"
				"Mode"		"-1"
			}
			"AbilityUltimateAutoCastAlternate2"
			{
				"Mode"		"-1"
			}
			"AbilityPrimary1AutoCast"
			{
				"Key"		"q"
				"Modifier"		"ALT"
				"Mode"		"0"
				"ChannelCancel"		"ALT"
			}
			"AbilityPrimary2AutoCast"
			{
				"Key"		"w"
				"Modifier"		"ALT"
				"Mode"		"0"
				"ChannelCancel"		"ALT"
			}
			"AbilityPrimary3AutoCast"
			{
				"Mode"		"0"
			}
			"AbilitySecondary1AutoCast"
			{
				"Mode"		"0"
			}
			"AbilitySecondary2AutoCast"
			{
				"Mode"		"0"
			}
			"AbilityUltimateAutoCast"
			{
				"Key"		"r"
				"Modifier"		"ALT"
				"Mode"		"0"
				"ChannelCancel"		"ALT"
			}
			"AbilityPrimary2"
			{
				"Key"		"W"
				"Mode"		"-1"
			}
			"AbilityUltimate"
			{
				"Key"		"R"
				"Mode"		"-1"
			}
		}
		"npc_dota_hero_undying"
		{
			"AbilityPrimary1"
			{
				"Key"		"Q"
				"Mode"		"0"
			}
			"AbilitySecondary1"
			{
				"Mode"		"0"
			}
			"AbilitySecondary2"
			{
				"Mode"		"0"
			}
			"TalentUpgradeStatLeft"
			{
				"Key"		"1"
				"Mode"		"-1"
			}
			"TalentUpgradeStatRight"
			{
				"Key"		"2"
				"Mode"		"-1"
			}
			"TalentUpgradeAttribute"
			{
				"Key"		"3"
				"Mode"		"-1"
			}
			"AbilityPrimary1QuickCast"
			{
				"Mode"		"-1"
			}
			"AbilityPrimary2QuickCast"
			{
				"Key"		"W"
				"Mode"		"-1"
			}
			"AbilityPrimary3QuickCast"
			{
				"Key"		"E"
				"Mode"		"-1"
			}
			"AbilitySecondary1QuickCast"
			{
				"Key"		"D"
				"Mode"		"-1"
			}
			"AbilitySecondary2QuickCast"
			{
				"Key"		"F"
				"Mode"		"-1"
			}
			"AbilityUltimateQuickCast"
			{
				"Key"		"R"
				"Mode"		"-1"
			}
			"AbilityPrimary1AutoCastAlternate2"
			{
				"Mode"		"-1"
			}
			"AbilityPrimary2AutoCastAlternate2"
			{
				"Key"		"w"
				"Modifier"		"ALT"
				"ChannelCancel"		"ALT"
				"Mode"		"-1"
			}
			"AbilityPrimary3AutoCastAlternate2"
			{
				"Key"		"e"
				"Modifier"		"ALT"
				"ChannelCancel"		"ALT"
				"Mode"		"-1"
			}
			"AbilitySecondary1AutoCastAlternate2"
			{
				"Key"		"d"
				"Modifier"		"ALT"
				"ChannelCancel"		"ALT"
				"Mode"		"-1"
			}
			"AbilitySecondary2AutoCastAlternate2"
			{
				"Key"		"f"
				"Modifier"		"ALT"
				"ChannelCancel"		"ALT"
				"Mode"		"-1"
			}
			"AbilityUltimateAutoCastAlternate2"
			{
				"Key"		"r"
				"Modifier"		"ALT"
				"ChannelCancel"		"ALT"
				"Mode"		"-1"
			}
			"AbilityPrimary1AutoCast"
			{
				"Key"		"q"
				"Modifier"		"ALT"
				"Mode"		"0"
				"ChannelCancel"		"ALT"
			}
			"AbilityPrimary2AutoCast"
			{
				"Mode"		"0"
			}
			"AbilityPrimary3AutoCast"
			{
				"Mode"		"0"
			}
			"AbilitySecondary1AutoCast"
			{
				"Mode"		"0"
			}
			"AbilitySecondary2AutoCast"
			{
				"Mode"		"0"
			}
			"AbilityUltimateAutoCast"
			{
				"Mode"		"0"
			}
		}
		"npc_dota_hero_bloodseeker"
		{
			"AbilityPrimary1"
			{
				"Mode"		"0"
			}
			"AbilitySecondary1"
			{
				"Mode"		"0"
			}
			"AbilitySecondary2"
			{
				"Mode"		"0"
			}
			"TalentUpgradeStatLeft"
			{
				"Key"		"1"
				"Mode"		"-1"
			}
			"TalentUpgradeStatRight"
			{
				"Key"		"2"
				"Mode"		"-1"
			}
			"TalentUpgradeAttribute"
			{
				"Key"		"3"
				"Mode"		"-1"
			}
			"AbilityPrimary1QuickCast"
			{
				"Key"		"Q"
				"Mode"		"-1"
			}
			"AbilityPrimary2QuickCast"
			{
				"Mode"		"-1"
			}
			"AbilityPrimary3QuickCast"
			{
				"Key"		"E"
				"Mode"		"-1"
			}
			"AbilitySecondary1QuickCast"
			{
				"Key"		"D"
				"Mode"		"-1"
			}
			"AbilitySecondary2QuickCast"
			{
				"Key"		"F"
				"Mode"		"-1"
			}
			"AbilityUltimateQuickCast"
			{
				"Key"		"R"
				"Mode"		"-1"
			}
			"AbilityPrimary1AutoCastAlternate2"
			{
				"Key"		"q"
				"Modifier"		"ALT"
				"ChannelCancel"		"ALT"
				"Mode"		"-1"
			}
			"AbilityPrimary2AutoCastAlternate2"
			{
				"Mode"		"-1"
			}
			"AbilityPrimary3AutoCastAlternate2"
			{
				"Key"		"e"
				"Modifier"		"ALT"
				"ChannelCancel"		"ALT"
				"Mode"		"-1"
			}
			"AbilitySecondary1AutoCastAlternate2"
			{
				"Key"		"d"
				"Modifier"		"ALT"
				"ChannelCancel"		"ALT"
				"Mode"		"-1"
			}
			"AbilitySecondary2AutoCastAlternate2"
			{
				"Key"		"f"
				"Modifier"		"ALT"
				"ChannelCancel"		"ALT"
				"Mode"		"-1"
			}
			"AbilityUltimateAutoCastAlternate2"
			{
				"Key"		"r"
				"Modifier"		"ALT"
				"ChannelCancel"		"ALT"
				"Mode"		"-1"
			}
			"AbilityPrimary1AutoCast"
			{
				"Mode"		"0"
			}
			"AbilityPrimary2AutoCast"
			{
				"Key"		"w"
				"Modifier"		"ALT"
				"Mode"		"0"
				"ChannelCancel"		"ALT"
			}
			"AbilityPrimary3AutoCast"
			{
				"Mode"		"0"
			}
			"AbilitySecondary1AutoCast"
			{
				"Mode"		"0"
			}
			"AbilitySecondary2AutoCast"
			{
				"Mode"		"0"
			}
			"AbilityUltimateAutoCast"
			{
				"Mode"		"0"
			}
			"AbilityPrimary2"
			{
				"Key"		"W"
				"Mode"		"-1"
			}
		}
		"npc_dota_hero_clinkz"
		{
			"AbilityPrimary1"
			{
				"Mode"		"0"
			}
			"AbilitySecondary1"
			{
				"Mode"		"0"
			}
			"AbilitySecondary2"
			{
				"Mode"		"0"
			}
			"TalentUpgradeStatLeft"
			{
				"Key"		"1"
				"Mode"		"-1"
			}
			"TalentUpgradeStatRight"
			{
				"Key"		"2"
				"Mode"		"-1"
			}
			"TalentUpgradeAttribute"
			{
				"Key"		"3"
				"Mode"		"-1"
			}
			"AbilityPrimary1QuickCast"
			{
				"Key"		"Q"
				"Mode"		"-1"
			}
			"AbilityPrimary2QuickCast"
			{
				"Key"		"W"
				"Mode"		"-1"
			}
			"AbilityPrimary3QuickCast"
			{
				"Key"		"E"
				"Mode"		"-1"
			}
			"AbilitySecondary1QuickCast"
			{
				"Key"		"D"
				"Mode"		"-1"
			}
			"AbilitySecondary2QuickCast"
			{
				"Key"		"F"
				"Mode"		"-1"
			}
			"AbilityUltimateQuickCast"
			{
				"Key"		"R"
				"Mode"		"-1"
			}
			"AbilityPrimary1AutoCastAlternate2"
			{
				"Key"		"q"
				"Modifier"		"ALT"
				"ChannelCancel"		"ALT"
				"Mode"		"-1"
			}
			"AbilityPrimary2AutoCastAlternate2"
			{
				"Key"		"w"
				"Modifier"		"ALT"
				"ChannelCancel"		"ALT"
				"Mode"		"-1"
			}
			"AbilityPrimary3AutoCastAlternate2"
			{
				"Key"		"e"
				"Modifier"		"ALT"
				"ChannelCancel"		"ALT"
				"Mode"		"-1"
			}
			"AbilitySecondary1AutoCastAlternate2"
			{
				"Key"		"d"
				"Modifier"		"ALT"
				"ChannelCancel"		"ALT"
				"Mode"		"-1"
			}
			"AbilitySecondary2AutoCastAlternate2"
			{
				"Key"		"f"
				"Modifier"		"ALT"
				"ChannelCancel"		"ALT"
				"Mode"		"-1"
			}
			"AbilityUltimateAutoCastAlternate2"
			{
				"Key"		"r"
				"Modifier"		"ALT"
				"ChannelCancel"		"ALT"
				"Mode"		"-1"
			}
			"AbilityPrimary1AutoCast"
			{
				"Mode"		"0"
			}
			"AbilityPrimary2AutoCast"
			{
				"Mode"		"0"
			}
			"AbilityPrimary3AutoCast"
			{
				"Mode"		"0"
			}
			"AbilitySecondary1AutoCast"
			{
				"Mode"		"0"
			}
			"AbilitySecondary2AutoCast"
			{
				"Mode"		"0"
			}
			"AbilityUltimateAutoCast"
			{
				"Mode"		"0"
			}
			"AbilityPrimary2"
			{
				"Mode"		"-1"
			}
		}
		"npc_dota_hero_ember_spirit"
		{
			"AbilityPrimary1"
			{
				"Mode"		"0"
			}
			"AbilitySecondary1"
			{
				"Mode"		"0"
			}
			"AbilitySecondary2"
			{
				"Mode"		"0"
			}
			"TalentUpgradeStatLeft"
			{
				"Key"		"1"
				"Mode"		"-1"
			}
			"TalentUpgradeStatRight"
			{
				"Key"		"2"
				"Mode"		"-1"
			}
			"TalentUpgradeAttribute"
			{
				"Key"		"3"
				"Mode"		"-1"
			}
			"AbilityPrimary1QuickCast"
			{
				"Key"		"Q"
				"Mode"		"-1"
			}
			"AbilityPrimary2QuickCast"
			{
				"Mode"		"1"
				"Key"		"F"
			}
			"AbilityPrimary3QuickCast"
			{
				"Key"		"E"
				"Mode"		"-1"
			}
			"AbilitySecondary1QuickCast"
			{
				"Key"		"D"
				"Mode"		"-1"
			}
			"AbilitySecondary2QuickCast"
			{
				"Mode"		"-1"
			}
			"AbilityUltimateQuickCast"
			{
				"Key"		"R"
				"Mode"		"-1"
			}
			"AbilityPrimary1AutoCastAlternate2"
			{
				"Key"		"q"
				"Modifier"		"ALT"
				"ChannelCancel"		"ALT"
				"Mode"		"-1"
			}
			"AbilityPrimary2AutoCastAlternate2"
			{
				"Key"		"f"
				"Modifier"		"ALT"
				"ChannelCancel"		"ALT"
				"Mode"		"-1"
			}
			"AbilityPrimary3AutoCastAlternate2"
			{
				"Key"		"e"
				"Modifier"		"ALT"
				"ChannelCancel"		"ALT"
				"Mode"		"-1"
			}
			"AbilitySecondary1AutoCastAlternate2"
			{
				"Key"		"d"
				"Modifier"		"ALT"
				"ChannelCancel"		"ALT"
				"Mode"		"-1"
			}
			"AbilitySecondary2AutoCastAlternate2"
			{
				"Mode"		"-1"
			}
			"AbilityUltimateAutoCastAlternate2"
			{
				"Key"		"r"
				"Modifier"		"ALT"
				"ChannelCancel"		"ALT"
				"Mode"		"-1"
			}
			"AbilityPrimary1AutoCast"
			{
				"Mode"		"0"
			}
			"AbilityPrimary2AutoCast"
			{
				"Key"		"w"
				"Modifier"		"ALT"
				"Mode"		"0"
				"ChannelCancel"		"ALT"
			}
			"AbilityPrimary3AutoCast"
			{
				"Mode"		"0"
			}
			"AbilitySecondary1AutoCast"
			{
				"Mode"		"0"
			}
			"AbilitySecondary2AutoCast"
			{
				"Mode"		"0"
			}
			"AbilityUltimateAutoCast"
			{
				"Mode"		"0"
			}
			"AbilityPrimary2"
			{
				"Key"		"W"
				"Mode"		"-1"
			}
		}
		"npc_dota_hero_gyrocopter"
		{
			"AbilityPrimary1"
			{
				"Mode"		"0"
			}
			"AbilitySecondary1"
			{
				"Mode"		"0"
			}
			"AbilitySecondary2"
			{
				"Mode"		"0"
			}
			"TalentUpgradeStatLeft"
			{
				"Key"		"1"
				"Mode"		"-1"
			}
			"TalentUpgradeStatRight"
			{
				"Key"		"2"
				"Mode"		"-1"
			}
			"TalentUpgradeAttribute"
			{
				"Key"		"3"
				"Mode"		"-1"
			}
			"AbilityPrimary1QuickCast"
			{
				"Key"		"Q"
				"Mode"		"-1"
			}
			"AbilityPrimary2QuickCast"
			{
				"Key"		"W"
				"Mode"		"-1"
			}
			"AbilityPrimary3QuickCast"
			{
				"Key"		"E"
				"Mode"		"-1"
			}
			"AbilitySecondary1QuickCast"
			{
				"Key"		"D"
				"Mode"		"-1"
			}
			"AbilitySecondary2QuickCast"
			{
				"Key"		"F"
				"Mode"		"-1"
			}
			"AbilityUltimateQuickCast"
			{
				"Mode"		"-1"
			}
			"AbilityPrimary1AutoCastAlternate2"
			{
				"Key"		"q"
				"Modifier"		"ALT"
				"ChannelCancel"		"ALT"
				"Mode"		"-1"
			}
			"AbilityPrimary2AutoCastAlternate2"
			{
				"Key"		"w"
				"Modifier"		"ALT"
				"ChannelCancel"		"ALT"
				"Mode"		"-1"
			}
			"AbilityPrimary3AutoCastAlternate2"
			{
				"Key"		"e"
				"Modifier"		"ALT"
				"ChannelCancel"		"ALT"
				"Mode"		"-1"
			}
			"AbilitySecondary1AutoCastAlternate2"
			{
				"Key"		"d"
				"Modifier"		"ALT"
				"ChannelCancel"		"ALT"
				"Mode"		"-1"
			}
			"AbilitySecondary2AutoCastAlternate2"
			{
				"Key"		"f"
				"Modifier"		"ALT"
				"ChannelCancel"		"ALT"
				"Mode"		"-1"
			}
			"AbilityUltimateAutoCastAlternate2"
			{
				"Mode"		"-1"
			}
			"AbilityPrimary1AutoCast"
			{
				"Mode"		"0"
			}
			"AbilityPrimary2AutoCast"
			{
				"Mode"		"0"
			}
			"AbilityPrimary3AutoCast"
			{
				"Mode"		"0"
			}
			"AbilitySecondary1AutoCast"
			{
				"Mode"		"0"
			}
			"AbilitySecondary2AutoCast"
			{
				"Mode"		"0"
			}
			"AbilityUltimateAutoCast"
			{
				"Key"		"r"
				"Modifier"		"ALT"
				"Mode"		"0"
				"ChannelCancel"		"ALT"
			}
			"AbilityUltimate"
			{
				"Key"		"R"
				"Mode"		"-1"
			}
		}
		"npc_dota_hero_monkey_king"
		{
			"AbilityPrimary1"
			{
				"Mode"		"0"
			}
			"AbilitySecondary1"
			{
				"Mode"		"0"
			}
			"AbilitySecondary2"
			{
				"Mode"		"0"
			}
			"TalentUpgradeStatLeft"
			{
				"Key"		"1"
				"Mode"		"-1"
			}
			"TalentUpgradeStatRight"
			{
				"Key"		"2"
				"Mode"		"-1"
			}
			"TalentUpgradeAttribute"
			{
				"Key"		"3"
				"Mode"		"-1"
			}
			"AbilityPrimary1QuickCast"
			{
				"Key"		"Q"
				"Mode"		"-1"
			}
			"AbilityPrimary2QuickCast"
			{
				"Key"		"W"
				"Mode"		"-1"
			}
			"AbilityPrimary3QuickCast"
			{
				"Mode"		"-1"
			}
			"AbilitySecondary1QuickCast"
			{
				"Key"		"D"
				"Mode"		"-1"
			}
			"AbilitySecondary2QuickCast"
			{
				"Key"		"F"
				"Mode"		"-1"
			}
			"AbilityUltimateQuickCast"
			{
				"Mode"		"-1"
			}
			"AbilityPrimary1AutoCastAlternate2"
			{
				"Key"		"q"
				"Modifier"		"ALT"
				"ChannelCancel"		"ALT"
				"Mode"		"-1"
			}
			"AbilityPrimary2AutoCastAlternate2"
			{
				"Key"		"w"
				"Modifier"		"ALT"
				"ChannelCancel"		"ALT"
				"Mode"		"-1"
			}
			"AbilityPrimary3AutoCastAlternate2"
			{
				"Mode"		"-1"
			}
			"AbilitySecondary1AutoCastAlternate2"
			{
				"Key"		"d"
				"Modifier"		"ALT"
				"ChannelCancel"		"ALT"
				"Mode"		"-1"
			}
			"AbilitySecondary2AutoCastAlternate2"
			{
				"Key"		"f"
				"Modifier"		"ALT"
				"ChannelCancel"		"ALT"
				"Mode"		"-1"
			}
			"AbilityUltimateAutoCastAlternate2"
			{
				"Mode"		"-1"
			}
			"AbilityPrimary1AutoCast"
			{
				"Mode"		"0"
			}
			"AbilityPrimary2AutoCast"
			{
				"Mode"		"0"
			}
			"AbilityPrimary3AutoCast"
			{
				"Mode"		"0"
				"Key"		"e"
				"Modifier"		"ALT"
				"ChannelCancel"		"ALT"
			}
			"AbilitySecondary1AutoCast"
			{
				"Mode"		"0"
			}
			"AbilitySecondary2AutoCast"
			{
				"Mode"		"0"
			}
			"AbilityUltimateAutoCast"
			{
				"Key"		"r"
				"Modifier"		"ALT"
				"Mode"		"0"
				"ChannelCancel"		"ALT"
			}
			"AbilityUltimate"
			{
				"Key"		"R"
				"Mode"		"-1"
			}
			"AbilityPrimary3"
			{
				"Key"		"E"
				"Mode"		"-1"
			}
		}
		"npc_dota_hero_riki"
		{
			"AbilityPrimary1"
			{
				"Key"		"Q"
				"Mode"		"0"
			}
			"AbilitySecondary1"
			{
				"Mode"		"0"
			}
			"AbilitySecondary2"
			{
				"Mode"		"0"
			}
			"TalentUpgradeStatLeft"
			{
				"Key"		"1"
				"Mode"		"-1"
			}
			"TalentUpgradeStatRight"
			{
				"Key"		"2"
				"Mode"		"-1"
			}
			"TalentUpgradeAttribute"
			{
				"Key"		"3"
				"Mode"		"-1"
			}
			"AbilityPrimary1QuickCast"
			{
				"Mode"		"-1"
			}
			"AbilityPrimary2QuickCast"
			{
				"Key"		"W"
				"Mode"		"-1"
			}
			"AbilityPrimary3QuickCast"
			{
				"Mode"		"-1"
			}
			"AbilitySecondary1QuickCast"
			{
				"Key"		"D"
				"Mode"		"-1"
			}
			"AbilitySecondary2QuickCast"
			{
				"Key"		"F"
				"Mode"		"-1"
			}
			"AbilityUltimateQuickCast"
			{
				"Key"		"R"
				"Mode"		"-1"
			}
			"AbilityPrimary1AutoCastAlternate2"
			{
				"Mode"		"-1"
			}
			"AbilityPrimary2AutoCastAlternate2"
			{
				"Key"		"w"
				"Modifier"		"ALT"
				"ChannelCancel"		"ALT"
				"Mode"		"-1"
			}
			"AbilityPrimary3AutoCastAlternate2"
			{
				"Mode"		"-1"
			}
			"AbilitySecondary1AutoCastAlternate2"
			{
				"Key"		"d"
				"Modifier"		"ALT"
				"ChannelCancel"		"ALT"
				"Mode"		"-1"
			}
			"AbilitySecondary2AutoCastAlternate2"
			{
				"Key"		"f"
				"Modifier"		"ALT"
				"ChannelCancel"		"ALT"
				"Mode"		"-1"
			}
			"AbilityUltimateAutoCastAlternate2"
			{
				"Key"		"r"
				"Modifier"		"ALT"
				"ChannelCancel"		"ALT"
				"Mode"		"-1"
			}
			"AbilityPrimary1AutoCast"
			{
				"Key"		"q"
				"Modifier"		"ALT"
				"Mode"		"0"
				"ChannelCancel"		"ALT"
			}
			"AbilityPrimary2AutoCast"
			{
				"Mode"		"0"
			}
			"AbilityPrimary3AutoCast"
			{
				"Mode"		"0"
				"Key"		"e"
				"Modifier"		"ALT"
				"ChannelCancel"		"ALT"
			}
			"AbilitySecondary1AutoCast"
			{
				"Mode"		"0"
			}
			"AbilitySecondary2AutoCast"
			{
				"Mode"		"0"
			}
			"AbilityUltimateAutoCast"
			{
				"Mode"		"0"
			}
			"AbilityPrimary3"
			{
				"Key"		"E"
				"Mode"		"-1"
			}
		}
		"npc_dota_hero_sniper"
		{
			"AbilityPrimary1"
			{
				"Key"		"Q"
				"Mode"		"0"
			}
			"AbilitySecondary1"
			{
				"Mode"		"0"
			}
			"AbilitySecondary2"
			{
				"Mode"		"0"
			}
			"TalentUpgradeStatLeft"
			{
				"Key"		"1"
				"Mode"		"-1"
			}
			"TalentUpgradeStatRight"
			{
				"Key"		"2"
				"Mode"		"-1"
			}
			"TalentUpgradeAttribute"
			{
				"Key"		"3"
				"Mode"		"-1"
			}
			"AbilityPrimary1QuickCast"
			{
				"Mode"		"-1"
			}
			"AbilityPrimary2QuickCast"
			{
				"Key"		"W"
				"Mode"		"-1"
			}
			"AbilityPrimary3QuickCast"
			{
				"Key"		"E"
				"Mode"		"-1"
			}
			"AbilitySecondary1QuickCast"
			{
				"Key"		"D"
				"Mode"		"-1"
			}
			"AbilitySecondary2QuickCast"
			{
				"Key"		"F"
				"Mode"		"-1"
			}
			"AbilityUltimateQuickCast"
			{
				"Key"		"R"
				"Mode"		"-1"
			}
			"AbilityPrimary1AutoCastAlternate2"
			{
				"Mode"		"-1"
			}
			"AbilityPrimary2AutoCastAlternate2"
			{
				"Key"		"w"
				"Modifier"		"ALT"
				"ChannelCancel"		"ALT"
				"Mode"		"-1"
			}
			"AbilityPrimary3AutoCastAlternate2"
			{
				"Key"		"e"
				"Modifier"		"ALT"
				"ChannelCancel"		"ALT"
				"Mode"		"-1"
			}
			"AbilitySecondary1AutoCastAlternate2"
			{
				"Key"		"d"
				"Modifier"		"ALT"
				"ChannelCancel"		"ALT"
				"Mode"		"-1"
			}
			"AbilitySecondary2AutoCastAlternate2"
			{
				"Key"		"f"
				"Modifier"		"ALT"
				"ChannelCancel"		"ALT"
				"Mode"		"-1"
			}
			"AbilityUltimateAutoCastAlternate2"
			{
				"Key"		"r"
				"Modifier"		"ALT"
				"ChannelCancel"		"ALT"
				"Mode"		"-1"
			}
			"AbilityPrimary1AutoCast"
			{
				"Key"		"q"
				"Modifier"		"ALT"
				"Mode"		"0"
				"ChannelCancel"		"ALT"
			}
			"AbilityPrimary2AutoCast"
			{
				"Mode"		"0"
			}
			"AbilityPrimary3AutoCast"
			{
				"Mode"		"0"
			}
			"AbilitySecondary1AutoCast"
			{
				"Mode"		"0"
			}
			"AbilitySecondary2AutoCast"
			{
				"Mode"		"0"
			}
			"AbilityUltimateAutoCast"
			{
				"Mode"		"0"
			}
		}
		"npc_dota_hero_terrorblade"
		{
			"AbilityPrimary1"
			{
				"Key"		"Q"
				"Mode"		"0"
			}
			"AbilitySecondary1"
			{
				"Mode"		"0"
			}
			"AbilitySecondary2"
			{
				"Mode"		"0"
			}
			"TalentUpgradeStatLeft"
			{
				"Key"		"1"
				"Mode"		"-1"
			}
			"TalentUpgradeStatRight"
			{
				"Key"		"2"
				"Mode"		"-1"
			}
			"TalentUpgradeAttribute"
			{
				"Key"		"3"
				"Mode"		"-1"
			}
			"AbilityPrimary1QuickCast"
			{
				"Mode"		"-1"
			}
			"AbilityPrimary2QuickCast"
			{
				"Key"		"W"
				"Mode"		"-1"
			}
			"AbilityPrimary3QuickCast"
			{
				"Key"		"E"
				"Mode"		"-1"
			}
			"AbilitySecondary1QuickCast"
			{
				"Key"		"D"
				"Mode"		"-1"
			}
			"AbilitySecondary2QuickCast"
			{
				"Key"		"F"
				"Mode"		"-1"
			}
			"AbilityUltimateQuickCast"
			{
				"Key"		"R"
				"Mode"		"-1"
			}
			"AbilityPrimary1AutoCastAlternate2"
			{
				"Mode"		"-1"
			}
			"AbilityPrimary2AutoCastAlternate2"
			{
				"Key"		"w"
				"Modifier"		"ALT"
				"ChannelCancel"		"ALT"
				"Mode"		"-1"
			}
			"AbilityPrimary3AutoCastAlternate2"
			{
				"Key"		"e"
				"Modifier"		"ALT"
				"ChannelCancel"		"ALT"
				"Mode"		"-1"
			}
			"AbilitySecondary1AutoCastAlternate2"
			{
				"Key"		"d"
				"Modifier"		"ALT"
				"ChannelCancel"		"ALT"
				"Mode"		"-1"
			}
			"AbilitySecondary2AutoCastAlternate2"
			{
				"Key"		"f"
				"Modifier"		"ALT"
				"ChannelCancel"		"ALT"
				"Mode"		"-1"
			}
			"AbilityUltimateAutoCastAlternate2"
			{
				"Key"		"r"
				"Modifier"		"ALT"
				"ChannelCancel"		"ALT"
				"Mode"		"-1"
			}
			"AbilityPrimary1AutoCast"
			{
				"Key"		"q"
				"Modifier"		"ALT"
				"Mode"		"0"
				"ChannelCancel"		"ALT"
			}
			"AbilityPrimary2AutoCast"
			{
				"Mode"		"0"
			}
			"AbilityPrimary3AutoCast"
			{
				"Mode"		"0"
			}
			"AbilitySecondary1AutoCast"
			{
				"Mode"		"0"
			}
			"AbilitySecondary2AutoCast"
			{
				"Mode"		"0"
			}
			"AbilityUltimateAutoCast"
			{
				"Mode"		"0"
			}
		}
		"npc_dota_hero_viper"
		{
			"AbilityPrimary1"
			{
				"Mode"		"0"
			}
			"AbilitySecondary1"
			{
				"Mode"		"0"
				"Key"		"D"
			}
			"AbilitySecondary2"
			{
				"Mode"		"0"
			}
			"TalentUpgradeStatLeft"
			{
				"Key"		"1"
				"Mode"		"-1"
			}
			"TalentUpgradeStatRight"
			{
				"Key"		"2"
				"Mode"		"-1"
			}
			"TalentUpgradeAttribute"
			{
				"Key"		"3"
				"Mode"		"-1"
			}
			"AbilityPrimary1QuickCast"
			{
				"Key"		"Q"
				"Mode"		"-1"
			}
			"AbilityPrimary2QuickCast"
			{
				"Mode"		"-1"
			}
			"AbilityPrimary3QuickCast"
			{
				"Key"		"E"
				"Mode"		"-1"
			}
			"AbilitySecondary1QuickCast"
			{
				"Mode"		"-1"
			}
			"AbilitySecondary2QuickCast"
			{
				"Key"		"F"
				"Mode"		"-1"
			}
			"AbilityUltimateQuickCast"
			{
				"Key"		"R"
				"Mode"		"-1"
			}
			"AbilityPrimary1AutoCastAlternate2"
			{
				"Key"		"q"
				"Modifier"		"ALT"
				"ChannelCancel"		"ALT"
				"Mode"		"-1"
			}
			"AbilityPrimary2AutoCastAlternate2"
			{
				"Mode"		"-1"
			}
			"AbilityPrimary3AutoCastAlternate2"
			{
				"Key"		"e"
				"Modifier"		"ALT"
				"ChannelCancel"		"ALT"
				"Mode"		"-1"
			}
			"AbilitySecondary1AutoCastAlternate2"
			{
				"Mode"		"-1"
			}
			"AbilitySecondary2AutoCastAlternate2"
			{
				"Key"		"f"
				"Modifier"		"ALT"
				"ChannelCancel"		"ALT"
				"Mode"		"-1"
			}
			"AbilityUltimateAutoCastAlternate2"
			{
				"Key"		"r"
				"Modifier"		"ALT"
				"ChannelCancel"		"ALT"
				"Mode"		"-1"
			}
			"AbilityPrimary1AutoCast"
			{
				"Mode"		"0"
			}
			"AbilityPrimary2AutoCast"
			{
				"Key"		"w"
				"Modifier"		"ALT"
				"Mode"		"0"
				"ChannelCancel"		"ALT"
			}
			"AbilityPrimary3AutoCast"
			{
				"Mode"		"0"
			}
			"AbilitySecondary1AutoCast"
			{
				"Mode"		"0"
				"Key"		"d"
				"Modifier"		"ALT"
				"ChannelCancel"		"ALT"
			}
			"AbilitySecondary2AutoCast"
			{
				"Mode"		"0"
			}
			"AbilityUltimateAutoCast"
			{
				"Mode"		"0"
			}
			"AbilityPrimary2"
			{
				"Key"		"W"
				"Mode"		"-1"
			}
		}
		"npc_dota_hero_ancient_apparition"
		{
			"AbilityPrimary1"
			{
				"Mode"		"0"
				"Key"		"F"
			}
			"AbilitySecondary1"
			{
				"Mode"		"0"
			}
			"AbilitySecondary2"
			{
				"Mode"		"0"
			}
			"TalentUpgradeStatLeft"
			{
				"Key"		"1"
				"Mode"		"-1"
			}
			"TalentUpgradeStatRight"
			{
				"Key"		"2"
				"Mode"		"-1"
			}
			"TalentUpgradeAttribute"
			{
				"Key"		"3"
				"Mode"		"-1"
			}
			"AbilityPrimary1QuickCast"
			{
				"Key"		"Q"
				"Mode"		"-1"
			}
			"AbilityPrimary2QuickCast"
			{
				"Mode"		"-1"
			}
			"AbilityPrimary3QuickCast"
			{
				"Key"		"E"
				"Mode"		"-1"
			}
			"AbilitySecondary1QuickCast"
			{
				"Key"		"D"
				"Mode"		"-1"
			}
			"AbilitySecondary2QuickCast"
			{
				"Mode"		"-1"
			}
			"AbilityUltimateQuickCast"
			{
				"Key"		"R"
				"Mode"		"-1"
			}
			"AbilityPrimary1AutoCastAlternate2"
			{
				"Key"		"q"
				"Modifier"		"ALT"
				"ChannelCancel"		"ALT"
				"Mode"		"-1"
			}
			"AbilityPrimary2AutoCastAlternate2"
			{
				"Mode"		"-1"
			}
			"AbilityPrimary3AutoCastAlternate2"
			{
				"Key"		"e"
				"Modifier"		"ALT"
				"ChannelCancel"		"ALT"
				"Mode"		"-1"
			}
			"AbilitySecondary1AutoCastAlternate2"
			{
				"Key"		"d"
				"Modifier"		"ALT"
				"ChannelCancel"		"ALT"
				"Mode"		"-1"
			}
			"AbilitySecondary2AutoCastAlternate2"
			{
				"Mode"		"-1"
			}
			"AbilityUltimateAutoCastAlternate2"
			{
				"Key"		"r"
				"Modifier"		"ALT"
				"ChannelCancel"		"ALT"
				"Mode"		"-1"
			}
			"AbilityPrimary1AutoCast"
			{
				"Mode"		"0"
				"Key"		"f"
				"Modifier"		"ALT"
				"ChannelCancel"		"ALT"
			}
			"AbilityPrimary2AutoCast"
			{
				"Key"		"w"
				"Modifier"		"ALT"
				"Mode"		"0"
				"ChannelCancel"		"ALT"
			}
			"AbilityPrimary3AutoCast"
			{
				"Mode"		"0"
			}
			"AbilitySecondary1AutoCast"
			{
				"Mode"		"0"
			}
			"AbilitySecondary2AutoCast"
			{
				"Mode"		"0"
			}
			"AbilityUltimateAutoCast"
			{
				"Mode"		"0"
			}
			"AbilityPrimary2"
			{
				"Key"		"W"
				"Mode"		"-1"
			}
		}
		"npc_dota_hero_crystal_maiden"
		{
			"AbilityPrimary1"
			{
				"Key"		"Q"
				"Mode"		"0"
			}
			"AbilitySecondary1"
			{
				"Mode"		"0"
			}
			"AbilitySecondary2"
			{
				"Mode"		"0"
			}
			"TalentUpgradeStatLeft"
			{
				"Key"		"1"
				"Mode"		"-1"
			}
			"TalentUpgradeStatRight"
			{
				"Key"		"2"
				"Mode"		"-1"
			}
			"TalentUpgradeAttribute"
			{
				"Key"		"3"
				"Mode"		"-1"
			}
			"AbilityPrimary1QuickCast"
			{
				"Mode"		"-1"
			}
			"AbilityPrimary2QuickCast"
			{
				"Key"		"W"
				"Mode"		"-1"
			}
			"AbilityPrimary3QuickCast"
			{
				"Key"		"E"
				"Mode"		"-1"
			}
			"AbilitySecondary1QuickCast"
			{
				"Key"		"D"
				"Mode"		"-1"
			}
			"AbilitySecondary2QuickCast"
			{
				"Key"		"F"
				"Mode"		"-1"
			}
			"AbilityUltimateQuickCast"
			{
				"Key"		"R"
				"Mode"		"-1"
			}
			"AbilityPrimary1AutoCastAlternate2"
			{
				"Mode"		"-1"
			}
			"AbilityPrimary2AutoCastAlternate2"
			{
				"Key"		"w"
				"Modifier"		"ALT"
				"ChannelCancel"		"ALT"
				"Mode"		"-1"
			}
			"AbilityPrimary3AutoCastAlternate2"
			{
				"Key"		"e"
				"Modifier"		"ALT"
				"ChannelCancel"		"ALT"
				"Mode"		"-1"
			}
			"AbilitySecondary1AutoCastAlternate2"
			{
				"Key"		"d"
				"Modifier"		"ALT"
				"ChannelCancel"		"ALT"
				"Mode"		"-1"
			}
			"AbilitySecondary2AutoCastAlternate2"
			{
				"Key"		"f"
				"Modifier"		"ALT"
				"ChannelCancel"		"ALT"
				"Mode"		"-1"
			}
			"AbilityUltimateAutoCastAlternate2"
			{
				"Key"		"r"
				"Modifier"		"ALT"
				"ChannelCancel"		"ALT"
				"Mode"		"-1"
			}
			"AbilityPrimary1AutoCast"
			{
				"Key"		"q"
				"Modifier"		"ALT"
				"Mode"		"0"
				"ChannelCancel"		"ALT"
			}
			"AbilityPrimary2AutoCast"
			{
				"Mode"		"0"
			}
			"AbilityPrimary3AutoCast"
			{
				"Mode"		"0"
			}
			"AbilitySecondary1AutoCast"
			{
				"Mode"		"0"
			}
			"AbilitySecondary2AutoCast"
			{
				"Mode"		"0"
			}
			"AbilityUltimateAutoCast"
			{
				"Mode"		"0"
			}
		}
		"npc_dota_hero_death_prophet"
		{
			"AbilityPrimary1"
			{
				"Mode"		"0"
			}
			"AbilitySecondary1"
			{
				"Mode"		"0"
			}
			"AbilitySecondary2"
			{
				"Mode"		"0"
			}
			"TalentUpgradeStatLeft"
			{
				"Key"		"1"
				"Mode"		"-1"
			}
			"TalentUpgradeStatRight"
			{
				"Key"		"2"
				"Mode"		"-1"
			}
			"TalentUpgradeAttribute"
			{
				"Key"		"3"
				"Mode"		"-1"
			}
			"AbilityPrimary1QuickCast"
			{
				"Key"		"Q"
				"Mode"		"-1"
			}
			"AbilityPrimary2QuickCast"
			{
				"Mode"		"-1"
			}
			"AbilityPrimary3QuickCast"
			{
				"Key"		"E"
				"Mode"		"-1"
			}
			"AbilitySecondary1QuickCast"
			{
				"Key"		"D"
				"Mode"		"-1"
			}
			"AbilitySecondary2QuickCast"
			{
				"Key"		"F"
				"Mode"		"-1"
			}
			"AbilityUltimateQuickCast"
			{
				"Key"		"R"
				"Mode"		"-1"
			}
			"AbilityPrimary1AutoCastAlternate2"
			{
				"Key"		"q"
				"Modifier"		"ALT"
				"ChannelCancel"		"ALT"
				"Mode"		"-1"
			}
			"AbilityPrimary2AutoCastAlternate2"
			{
				"Mode"		"-1"
			}
			"AbilityPrimary3AutoCastAlternate2"
			{
				"Key"		"e"
				"Modifier"		"ALT"
				"ChannelCancel"		"ALT"
				"Mode"		"-1"
			}
			"AbilitySecondary1AutoCastAlternate2"
			{
				"Key"		"d"
				"Modifier"		"ALT"
				"ChannelCancel"		"ALT"
				"Mode"		"-1"
			}
			"AbilitySecondary2AutoCastAlternate2"
			{
				"Key"		"f"
				"Modifier"		"ALT"
				"ChannelCancel"		"ALT"
				"Mode"		"-1"
			}
			"AbilityUltimateAutoCastAlternate2"
			{
				"Key"		"r"
				"Modifier"		"ALT"
				"ChannelCancel"		"ALT"
				"Mode"		"-1"
			}
			"AbilityPrimary1AutoCast"
			{
				"Mode"		"0"
			}
			"AbilityPrimary2AutoCast"
			{
				"Key"		"w"
				"Modifier"		"ALT"
				"Mode"		"0"
				"ChannelCancel"		"ALT"
			}
			"AbilityPrimary3AutoCast"
			{
				"Mode"		"0"
			}
			"AbilitySecondary1AutoCast"
			{
				"Mode"		"0"
			}
			"AbilitySecondary2AutoCast"
			{
				"Mode"		"0"
			}
			"AbilityUltimateAutoCast"
			{
				"Mode"		"0"
			}
			"AbilityPrimary2"
			{
				"Key"		"W"
				"Mode"		"-1"
			}
		}
		"npc_dota_hero_disruptor"
		{
			"AbilityPrimary1"
			{
				"Mode"		"0"
			}
			"AbilitySecondary1"
			{
				"Mode"		"0"
			}
			"AbilitySecondary2"
			{
				"Mode"		"0"
			}
			"TalentUpgradeStatLeft"
			{
				"Key"		"1"
				"Mode"		"-1"
			}
			"TalentUpgradeStatRight"
			{
				"Key"		"2"
				"Mode"		"-1"
			}
			"TalentUpgradeAttribute"
			{
				"Key"		"3"
				"Mode"		"-1"
			}
			"AbilityPrimary1QuickCast"
			{
				"Key"		"Q"
				"Mode"		"-1"
			}
			"AbilityPrimary2QuickCast"
			{
				"Key"		"W"
				"Mode"		"-1"
			}
			"AbilityPrimary3QuickCast"
			{
				"Mode"		"-1"
			}
			"AbilitySecondary1QuickCast"
			{
				"Key"		"D"
				"Mode"		"-1"
			}
			"AbilitySecondary2QuickCast"
			{
				"Key"		"F"
				"Mode"		"-1"
			}
			"AbilityUltimateQuickCast"
			{
				"Mode"		"-1"
			}
			"AbilityPrimary1AutoCastAlternate2"
			{
				"Key"		"q"
				"Modifier"		"ALT"
				"ChannelCancel"		"ALT"
				"Mode"		"-1"
			}
			"AbilityPrimary2AutoCastAlternate2"
			{
				"Key"		"w"
				"Modifier"		"ALT"
				"ChannelCancel"		"ALT"
				"Mode"		"-1"
			}
			"AbilityPrimary3AutoCastAlternate2"
			{
				"Mode"		"-1"
			}
			"AbilitySecondary1AutoCastAlternate2"
			{
				"Key"		"d"
				"Modifier"		"ALT"
				"ChannelCancel"		"ALT"
				"Mode"		"-1"
			}
			"AbilitySecondary2AutoCastAlternate2"
			{
				"Key"		"f"
				"Modifier"		"ALT"
				"ChannelCancel"		"ALT"
				"Mode"		"-1"
			}
			"AbilityUltimateAutoCastAlternate2"
			{
				"Mode"		"-1"
			}
			"AbilityPrimary1AutoCast"
			{
				"Mode"		"0"
			}
			"AbilityPrimary2AutoCast"
			{
				"Mode"		"0"
			}
			"AbilityPrimary3AutoCast"
			{
				"Key"		"e"
				"Modifier"		"ALT"
				"Mode"		"0"
				"ChannelCancel"		"ALT"
			}
			"AbilitySecondary1AutoCast"
			{
				"Mode"		"0"
			}
			"AbilitySecondary2AutoCast"
			{
				"Mode"		"0"
			}
			"AbilityUltimateAutoCast"
			{
				"Key"		"r"
				"Modifier"		"ALT"
				"Mode"		"0"
				"ChannelCancel"		"ALT"
			}
			"AbilityPrimary3"
			{
				"Key"		"E"
				"Mode"		"-1"
			}
			"AbilityUltimate"
			{
				"Key"		"R"
				"Mode"		"-1"
			}
		}
		"npc_dota_hero_keeper_of_the_light"
		{
			"AbilityPrimary1"
			{
				"Mode"		"0"
				"Channel"		"2"
			}
			"AbilitySecondary1"
			{
				"Mode"		"0"
			}
			"AbilitySecondary2"
			{
				"Key"		"F"
				"Mode"		"0"
			}
			"TalentUpgradeStatLeft"
			{
				"Key"		"1"
				"Mode"		"-1"
			}
			"TalentUpgradeStatRight"
			{
				"Key"		"2"
				"Mode"		"-1"
			}
			"TalentUpgradeAttribute"
			{
				"Key"		"3"
				"Mode"		"-1"
			}
			"AbilityPrimary1QuickCast"
			{
				"Key"		"Q"
				"Mode"		"-1"
			}
			"AbilityPrimary2QuickCast"
			{
				"Mode"		"-1"
			}
			"AbilityPrimary3QuickCast"
			{
				"Key"		"E"
				"Mode"		"-1"
			}
			"AbilitySecondary1QuickCast"
			{
				"Key"		"D"
				"Mode"		"-1"
			}
			"AbilitySecondary2QuickCast"
			{
				"Mode"		"-1"
			}
			"AbilityUltimateQuickCast"
			{
				"Key"		"R"
				"Mode"		"-1"
			}
			"AbilityPrimary1AutoCastAlternate2"
			{
				"Key"		"q"
				"Modifier"		"ALT"
				"ChannelCancel"		"ALT"
				"Mode"		"-1"
			}
			"AbilityPrimary2AutoCastAlternate2"
			{
				"Mode"		"-1"
			}
			"AbilityPrimary3AutoCastAlternate2"
			{
				"Key"		"e"
				"Modifier"		"ALT"
				"ChannelCancel"		"ALT"
				"Mode"		"-1"
			}
			"AbilitySecondary1AutoCastAlternate2"
			{
				"Key"		"d"
				"Modifier"		"ALT"
				"ChannelCancel"		"ALT"
				"Mode"		"-1"
			}
			"AbilitySecondary2AutoCastAlternate2"
			{
				"Mode"		"-1"
			}
			"AbilityUltimateAutoCastAlternate2"
			{
				"Key"		"r"
				"Modifier"		"ALT"
				"ChannelCancel"		"ALT"
				"Mode"		"-1"
			}
			"AbilityPrimary1AutoCast"
			{
				"Mode"		"0"
			}
			"AbilityPrimary2AutoCast"
			{
				"Key"		"w"
				"Modifier"		"ALT"
				"Mode"		"0"
				"ChannelCancel"		"ALT"
			}
			"AbilityPrimary3AutoCast"
			{
				"Mode"		"0"
			}
			"AbilitySecondary1AutoCast"
			{
				"Mode"		"0"
			}
			"AbilitySecondary2AutoCast"
			{
				"Key"		"f"
				"Modifier"		"ALT"
				"Mode"		"0"
				"ChannelCancel"		"ALT"
			}
			"AbilityUltimateAutoCast"
			{
				"Mode"		"0"
			}
			"AbilityPrimary2"
			{
				"Key"		"W"
				"Mode"		"-1"
			}
		}
		"npc_dota_hero_leshrac"
		{
			"AbilityPrimary1"
			{
				"Key"		"Q"
				"Mode"		"0"
			}
			"AbilitySecondary1"
			{
				"Mode"		"0"
			}
			"AbilitySecondary2"
			{
				"Mode"		"0"
			}
			"TalentUpgradeStatLeft"
			{
				"Key"		"1"
				"Mode"		"-1"
			}
			"TalentUpgradeStatRight"
			{
				"Key"		"2"
				"Mode"		"-1"
			}
			"TalentUpgradeAttribute"
			{
				"Key"		"3"
				"Mode"		"-1"
			}
			"AbilityPrimary1QuickCast"
			{
				"Mode"		"-1"
			}
			"AbilityPrimary2QuickCast"
			{
				"Key"		"W"
				"Mode"		"-1"
			}
			"AbilityPrimary3QuickCast"
			{
				"Key"		"E"
				"Mode"		"-1"
			}
			"AbilitySecondary1QuickCast"
			{
				"Key"		"D"
				"Mode"		"-1"
			}
			"AbilitySecondary2QuickCast"
			{
				"Key"		"F"
				"Mode"		"-1"
			}
			"AbilityUltimateQuickCast"
			{
				"Key"		"R"
				"Mode"		"-1"
			}
			"AbilityPrimary1AutoCastAlternate2"
			{
				"Mode"		"-1"
			}
			"AbilityPrimary2AutoCastAlternate2"
			{
				"Key"		"w"
				"Modifier"		"ALT"
				"ChannelCancel"		"ALT"
				"Mode"		"-1"
			}
			"AbilityPrimary3AutoCastAlternate2"
			{
				"Key"		"e"
				"Modifier"		"ALT"
				"ChannelCancel"		"ALT"
				"Mode"		"-1"
			}
			"AbilitySecondary1AutoCastAlternate2"
			{
				"Key"		"d"
				"Modifier"		"ALT"
				"ChannelCancel"		"ALT"
				"Mode"		"-1"
			}
			"AbilitySecondary2AutoCastAlternate2"
			{
				"Key"		"f"
				"Modifier"		"ALT"
				"ChannelCancel"		"ALT"
				"Mode"		"-1"
			}
			"AbilityUltimateAutoCastAlternate2"
			{
				"Key"		"r"
				"Modifier"		"ALT"
				"ChannelCancel"		"ALT"
				"Mode"		"-1"
			}
			"AbilityPrimary1AutoCast"
			{
				"Key"		"q"
				"Modifier"		"ALT"
				"Mode"		"0"
				"ChannelCancel"		"ALT"
			}
			"AbilityPrimary2AutoCast"
			{
				"Mode"		"0"
			}
			"AbilityPrimary3AutoCast"
			{
				"Mode"		"0"
			}
			"AbilitySecondary1AutoCast"
			{
				"Mode"		"0"
			}
			"AbilitySecondary2AutoCast"
			{
				"Mode"		"0"
			}
			"AbilityUltimateAutoCast"
			{
				"Mode"		"0"
			}
		}
		"npc_dota_hero_lina"
		{
			"AbilityPrimary1"
			{
				"Mode"		"0"
			}
			"AbilitySecondary1"
			{
				"Mode"		"0"
			}
			"AbilitySecondary2"
			{
				"Mode"		"0"
			}
			"TalentUpgradeStatLeft"
			{
				"Key"		"1"
				"Mode"		"-1"
			}
			"TalentUpgradeStatRight"
			{
				"Key"		"2"
				"Mode"		"-1"
			}
			"TalentUpgradeAttribute"
			{
				"Key"		"3"
				"Mode"		"-1"
			}
			"AbilityPrimary1QuickCast"
			{
				"Key"		"Q"
				"Mode"		"-1"
			}
			"AbilityPrimary2QuickCast"
			{
				"Mode"		"-1"
			}
			"AbilityPrimary3QuickCast"
			{
				"Key"		"E"
				"Mode"		"-1"
			}
			"AbilitySecondary1QuickCast"
			{
				"Key"		"D"
				"Mode"		"-1"
			}
			"AbilitySecondary2QuickCast"
			{
				"Key"		"F"
				"Mode"		"-1"
			}
			"AbilityUltimateQuickCast"
			{
				"Key"		"R"
				"Mode"		"-1"
			}
			"AbilityPrimary1AutoCastAlternate2"
			{
				"Key"		"q"
				"Modifier"		"ALT"
				"ChannelCancel"		"ALT"
				"Mode"		"-1"
			}
			"AbilityPrimary2AutoCastAlternate2"
			{
				"Mode"		"-1"
			}
			"AbilityPrimary3AutoCastAlternate2"
			{
				"Key"		"e"
				"Modifier"		"ALT"
				"ChannelCancel"		"ALT"
				"Mode"		"-1"
			}
			"AbilitySecondary1AutoCastAlternate2"
			{
				"Key"		"d"
				"Modifier"		"ALT"
				"ChannelCancel"		"ALT"
				"Mode"		"-1"
			}
			"AbilitySecondary2AutoCastAlternate2"
			{
				"Key"		"f"
				"Modifier"		"ALT"
				"ChannelCancel"		"ALT"
				"Mode"		"-1"
			}
			"AbilityUltimateAutoCastAlternate2"
			{
				"Key"		"r"
				"Modifier"		"ALT"
				"ChannelCancel"		"ALT"
				"Mode"		"-1"
			}
			"AbilityPrimary1AutoCast"
			{
				"Mode"		"0"
			}
			"AbilityPrimary2AutoCast"
			{
				"Key"		"w"
				"Modifier"		"ALT"
				"Mode"		"0"
				"ChannelCancel"		"ALT"
			}
			"AbilityPrimary3AutoCast"
			{
				"Mode"		"0"
			}
			"AbilitySecondary1AutoCast"
			{
				"Mode"		"0"
			}
			"AbilitySecondary2AutoCast"
			{
				"Mode"		"0"
			}
			"AbilityUltimateAutoCast"
			{
				"Mode"		"0"
			}
			"AbilityPrimary2"
			{
				"Key"		"W"
				"Mode"		"-1"
			}
		}
		"npc_dota_hero_muerta"
		{
			"AbilityPrimary1"
			{
				"Mode"		"0"
			}
			"AbilitySecondary1"
			{
				"Mode"		"0"
			}
			"AbilitySecondary2"
			{
				"Mode"		"0"
			}
			"TalentUpgradeStatLeft"
			{
				"Key"		"1"
				"Mode"		"-1"
			}
			"TalentUpgradeStatRight"
			{
				"Key"		"2"
				"Mode"		"-1"
			}
			"TalentUpgradeAttribute"
			{
				"Key"		"3"
				"Mode"		"-1"
			}
			"AbilityPrimary1QuickCast"
			{
				"Key"		"Q"
				"Mode"		"-1"
			}
			"AbilityPrimary2QuickCast"
			{
				"Mode"		"-1"
			}
			"AbilityPrimary3QuickCast"
			{
				"Key"		"E"
				"Mode"		"-1"
			}
			"AbilitySecondary1QuickCast"
			{
				"Key"		"D"
				"Mode"		"-1"
			}
			"AbilitySecondary2QuickCast"
			{
				"Key"		"F"
				"Mode"		"-1"
			}
			"AbilityUltimateQuickCast"
			{
				"Key"		"R"
				"Mode"		"-1"
			}
			"AbilityPrimary1AutoCastAlternate2"
			{
				"Key"		"q"
				"Modifier"		"ALT"
				"ChannelCancel"		"ALT"
				"Mode"		"-1"
			}
			"AbilityPrimary2AutoCastAlternate2"
			{
				"Mode"		"-1"
			}
			"AbilityPrimary3AutoCastAlternate2"
			{
				"Key"		"e"
				"Modifier"		"ALT"
				"ChannelCancel"		"ALT"
				"Mode"		"-1"
			}
			"AbilitySecondary1AutoCastAlternate2"
			{
				"Key"		"d"
				"Modifier"		"ALT"
				"ChannelCancel"		"ALT"
				"Mode"		"-1"
			}
			"AbilitySecondary2AutoCastAlternate2"
			{
				"Key"		"f"
				"Modifier"		"ALT"
				"ChannelCancel"		"ALT"
				"Mode"		"-1"
			}
			"AbilityUltimateAutoCastAlternate2"
			{
				"Key"		"r"
				"Modifier"		"ALT"
				"ChannelCancel"		"ALT"
				"Mode"		"-1"
			}
			"AbilityPrimary1AutoCast"
			{
				"Mode"		"0"
			}
			"AbilityPrimary2AutoCast"
			{
				"Key"		"w"
				"Modifier"		"ALT"
				"Mode"		"0"
				"ChannelCancel"		"ALT"
			}
			"AbilityPrimary3AutoCast"
			{
				"Mode"		"0"
			}
			"AbilitySecondary1AutoCast"
			{
				"Mode"		"0"
			}
			"AbilitySecondary2AutoCast"
			{
				"Mode"		"0"
			}
			"AbilityUltimateAutoCast"
			{
				"Mode"		"0"
			}
			"AbilityPrimary2"
			{
				"Key"		"W"
				"Mode"		"-1"
			}
		}
		"npc_dota_hero_puck"
		{
			"AbilityPrimary1"
			{
				"Mode"		"0"
			}
			"AbilitySecondary1"
			{
				"Mode"		"0"
			}
			"AbilitySecondary2"
			{
				"Mode"		"0"
			}
			"TalentUpgradeStatLeft"
			{
				"Key"		"1"
				"Mode"		"-1"
			}
			"TalentUpgradeStatRight"
			{
				"Key"		"2"
				"Mode"		"-1"
			}
			"TalentUpgradeAttribute"
			{
				"Key"		"3"
				"Mode"		"-1"
			}
			"AbilityPrimary1QuickCast"
			{
				"Key"		"Q"
				"Mode"		"-1"
			}
			"AbilityPrimary2QuickCast"
			{
				"Mode"		"-1"
			}
			"AbilityPrimary3QuickCast"
			{
				"Key"		"E"
				"Mode"		"-1"
			}
			"AbilitySecondary1QuickCast"
			{
				"Key"		"D"
				"Mode"		"-1"
			}
			"AbilitySecondary2QuickCast"
			{
				"Key"		"F"
				"Mode"		"-1"
			}
			"AbilityUltimateQuickCast"
			{
				"Mode"		"-1"
			}
			"AbilityPrimary1AutoCastAlternate2"
			{
				"Key"		"q"
				"Modifier"		"ALT"
				"ChannelCancel"		"ALT"
				"Mode"		"-1"
			}
			"AbilityPrimary2AutoCastAlternate2"
			{
				"Mode"		"-1"
			}
			"AbilityPrimary3AutoCastAlternate2"
			{
				"Key"		"e"
				"Modifier"		"ALT"
				"ChannelCancel"		"ALT"
				"Mode"		"-1"
			}
			"AbilitySecondary1AutoCastAlternate2"
			{
				"Key"		"d"
				"Modifier"		"ALT"
				"ChannelCancel"		"ALT"
				"Mode"		"-1"
			}
			"AbilitySecondary2AutoCastAlternate2"
			{
				"Key"		"f"
				"Modifier"		"ALT"
				"ChannelCancel"		"ALT"
				"Mode"		"-1"
			}
			"AbilityUltimateAutoCastAlternate2"
			{
				"Mode"		"-1"
			}
			"AbilityPrimary1AutoCast"
			{
				"Mode"		"0"
			}
			"AbilityPrimary2AutoCast"
			{
				"Mode"		"0"
				"Key"		"w"
				"Modifier"		"ALT"
				"ChannelCancel"		"ALT"
			}
			"AbilityPrimary3AutoCast"
			{
				"Mode"		"0"
			}
			"AbilitySecondary1AutoCast"
			{
				"Mode"		"0"
			}
			"AbilitySecondary2AutoCast"
			{
				"Mode"		"0"
			}
			"AbilityUltimateAutoCast"
			{
				"Mode"		"0"
				"Key"		"r"
				"Modifier"		"ALT"
				"ChannelCancel"		"ALT"
			}
			"AbilityPrimary2"
			{
				"Key"		"W"
				"Mode"		"-1"
			}
			"AbilityUltimate"
			{
				"Key"		"R"
				"Mode"		"-1"
			}
		}
		"npc_dota_hero_pugna"
		{
			"AbilityPrimary1"
			{
				"Key"		"Q"
				"Mode"		"0"
			}
			"AbilitySecondary1"
			{
				"Mode"		"0"
			}
			"AbilitySecondary2"
			{
				"Mode"		"0"
			}
			"TalentUpgradeStatLeft"
			{
				"Key"		"1"
				"Mode"		"-1"
			}
			"TalentUpgradeStatRight"
			{
				"Key"		"2"
				"Mode"		"-1"
			}
			"TalentUpgradeAttribute"
			{
				"Key"		"3"
				"Mode"		"-1"
			}
			"AbilityPrimary1QuickCast"
			{
				"Mode"		"-1"
			}
			"AbilityPrimary2QuickCast"
			{
				"Key"		"W"
				"Mode"		"-1"
			}
			"AbilityPrimary3QuickCast"
			{
				"Key"		"E"
				"Mode"		"-1"
			}
			"AbilitySecondary1QuickCast"
			{
				"Key"		"D"
				"Mode"		"-1"
			}
			"AbilitySecondary2QuickCast"
			{
				"Key"		"F"
				"Mode"		"-1"
			}
			"AbilityUltimateQuickCast"
			{
				"Key"		"R"
				"Mode"		"-1"
			}
			"AbilityPrimary1AutoCastAlternate2"
			{
				"Mode"		"-1"
			}
			"AbilityPrimary2AutoCastAlternate2"
			{
				"Key"		"w"
				"Modifier"		"ALT"
				"ChannelCancel"		"ALT"
				"Mode"		"-1"
			}
			"AbilityPrimary3AutoCastAlternate2"
			{
				"Key"		"e"
				"Modifier"		"ALT"
				"ChannelCancel"		"ALT"
				"Mode"		"-1"
			}
			"AbilitySecondary1AutoCastAlternate2"
			{
				"Key"		"d"
				"Modifier"		"ALT"
				"ChannelCancel"		"ALT"
				"Mode"		"-1"
			}
			"AbilitySecondary2AutoCastAlternate2"
			{
				"Key"		"f"
				"Modifier"		"ALT"
				"ChannelCancel"		"ALT"
				"Mode"		"-1"
			}
			"AbilityUltimateAutoCastAlternate2"
			{
				"Key"		"r"
				"Modifier"		"ALT"
				"ChannelCancel"		"ALT"
				"Mode"		"-1"
			}
			"AbilityPrimary1AutoCast"
			{
				"Key"		"q"
				"Modifier"		"ALT"
				"Mode"		"0"
				"ChannelCancel"		"ALT"
			}
			"AbilityPrimary2AutoCast"
			{
				"Mode"		"0"
			}
			"AbilityPrimary3AutoCast"
			{
				"Mode"		"0"
			}
			"AbilitySecondary1AutoCast"
			{
				"Mode"		"0"
			}
			"AbilitySecondary2AutoCast"
			{
				"Mode"		"0"
			}
			"AbilityUltimateAutoCast"
			{
				"Mode"		"0"
			}
		}
		"npc_dota_hero_silencer"
		{
			"AbilityPrimary1"
			{
				"Key"		"Q"
				"Mode"		"0"
			}
			"AbilitySecondary1"
			{
				"Mode"		"0"
			}
			"AbilitySecondary2"
			{
				"Mode"		"0"
			}
			"TalentUpgradeStatLeft"
			{
				"Key"		"1"
				"Mode"		"-1"
			}
			"TalentUpgradeStatRight"
			{
				"Key"		"2"
				"Mode"		"-1"
			}
			"TalentUpgradeAttribute"
			{
				"Key"		"3"
				"Mode"		"-1"
			}
			"AbilityPrimary1QuickCast"
			{
				"Mode"		"-1"
			}
			"AbilityPrimary2QuickCast"
			{
				"Key"		"W"
				"Mode"		"-1"
			}
			"AbilityPrimary3QuickCast"
			{
				"Key"		"E"
				"Mode"		"-1"
			}
			"AbilitySecondary1QuickCast"
			{
				"Key"		"D"
				"Mode"		"-1"
			}
			"AbilitySecondary2QuickCast"
			{
				"Mode"		"-1"
			}
			"AbilityUltimateQuickCast"
			{
				"Key"		"R"
				"Mode"		"-1"
			}
			"AbilityPrimary1AutoCastAlternate2"
			{
				"Mode"		"-1"
			}
			"AbilityPrimary2AutoCastAlternate2"
			{
				"Key"		"w"
				"Modifier"		"ALT"
				"ChannelCancel"		"ALT"
				"Mode"		"-1"
			}
			"AbilityPrimary3AutoCastAlternate2"
			{
				"Key"		"e"
				"Modifier"		"ALT"
				"ChannelCancel"		"ALT"
				"Mode"		"-1"
			}
			"AbilitySecondary1AutoCastAlternate2"
			{
				"Key"		"d"
				"Modifier"		"ALT"
				"ChannelCancel"		"ALT"
				"Mode"		"-1"
			}
			"AbilitySecondary2AutoCastAlternate2"
			{
				"Mode"		"-1"
			}
			"AbilityUltimateAutoCastAlternate2"
			{
				"Key"		"r"
				"Modifier"		"ALT"
				"ChannelCancel"		"ALT"
				"Mode"		"-1"
			}
			"AbilityPrimary1AutoCast"
			{
				"Key"		"q"
				"Modifier"		"ALT"
				"Mode"		"0"
				"ChannelCancel"		"ALT"
			}
			"AbilityPrimary2AutoCast"
			{
				"Mode"		"0"
			}
			"AbilityPrimary3AutoCast"
			{
				"Mode"		"0"
				"Key"		"f"
				"Modifier"		"ALT"
				"ChannelCancel"		"ALT"
			}
			"AbilitySecondary1AutoCast"
			{
				"Mode"		"0"
			}
			"AbilitySecondary2AutoCast"
			{
				"Mode"		"0"
			}
			"AbilityUltimateAutoCast"
			{
				"Mode"		"0"
			}
			"AbilityPrimary3"
			{
				"Key"		"F"
				"Mode"		"-1"
			}
		}
		"npc_dota_hero_skywrath_mage"
		{
			"AbilityPrimary1"
			{
				"Mode"		"0"
			}
			"AbilitySecondary1"
			{
				"Mode"		"0"
			}
			"AbilitySecondary2"
			{
				"Mode"		"0"
			}
			"TalentUpgradeStatLeft"
			{
				"Key"		"1"
				"Mode"		"-1"
			}
			"TalentUpgradeStatRight"
			{
				"Key"		"2"
				"Mode"		"-1"
			}
			"TalentUpgradeAttribute"
			{
				"Key"		"3"
				"Mode"		"-1"
			}
			"AbilityPrimary1QuickCast"
			{
				"Key"		"Q"
				"Mode"		"-1"
			}
			"AbilityPrimary2QuickCast"
			{
				"Key"		"W"
				"Mode"		"-1"
			}
			"AbilityPrimary3QuickCast"
			{
				"Key"		"E"
				"Mode"		"-1"
			}
			"AbilitySecondary1QuickCast"
			{
				"Key"		"D"
				"Mode"		"-1"
			}
			"AbilitySecondary2QuickCast"
			{
				"Key"		"F"
				"Mode"		"-1"
			}
			"AbilityUltimateQuickCast"
			{
				"Mode"		"-1"
			}
			"AbilityPrimary1AutoCastAlternate2"
			{
				"Key"		"q"
				"Modifier"		"ALT"
				"ChannelCancel"		"ALT"
				"Mode"		"-1"
			}
			"AbilityPrimary2AutoCastAlternate2"
			{
				"Key"		"w"
				"Modifier"		"ALT"
				"ChannelCancel"		"ALT"
				"Mode"		"-1"
			}
			"AbilityPrimary3AutoCastAlternate2"
			{
				"Key"		"e"
				"Modifier"		"ALT"
				"ChannelCancel"		"ALT"
				"Mode"		"-1"
			}
			"AbilitySecondary1AutoCastAlternate2"
			{
				"Key"		"d"
				"Modifier"		"ALT"
				"ChannelCancel"		"ALT"
				"Mode"		"-1"
			}
			"AbilitySecondary2AutoCastAlternate2"
			{
				"Key"		"f"
				"Modifier"		"ALT"
				"ChannelCancel"		"ALT"
				"Mode"		"-1"
			}
			"AbilityUltimateAutoCastAlternate2"
			{
				"Mode"		"-1"
			}
			"AbilityPrimary1AutoCast"
			{
				"Mode"		"0"
			}
			"AbilityPrimary2AutoCast"
			{
				"Mode"		"0"
			}
			"AbilityPrimary3AutoCast"
			{
				"Mode"		"0"
			}
			"AbilitySecondary1AutoCast"
			{
				"Mode"		"0"
			}
			"AbilitySecondary2AutoCast"
			{
				"Mode"		"0"
			}
			"AbilityUltimateAutoCast"
			{
				"Key"		"r"
				"Modifier"		"ALT"
				"Mode"		"0"
				"ChannelCancel"		"ALT"
			}
			"AbilityUltimate"
			{
				"Key"		"R"
				"Mode"		"-1"
			}
		}
		"npc_dota_hero_warlock"
		{
			"AbilityPrimary1"
			{
				"Mode"		"0"
			}
			"AbilitySecondary1"
			{
				"Mode"		"0"
			}
			"AbilitySecondary2"
			{
				"Mode"		"0"
			}
			"TalentUpgradeStatLeft"
			{
				"Key"		"1"
				"Mode"		"-1"
			}
			"TalentUpgradeStatRight"
			{
				"Key"		"2"
				"Mode"		"-1"
			}
			"TalentUpgradeAttribute"
			{
				"Key"		"3"
				"Mode"		"-1"
			}
			"AbilityPrimary1QuickCast"
			{
				"Key"		"Q"
				"Mode"		"-1"
			}
			"AbilityPrimary2QuickCast"
			{
				"Key"		"W"
				"Mode"		"-1"
			}
			"AbilityPrimary3QuickCast"
			{
				"Mode"		"-1"
			}
			"AbilitySecondary1QuickCast"
			{
				"Key"		"D"
				"Mode"		"-1"
			}
			"AbilitySecondary2QuickCast"
			{
				"Key"		"F"
				"Mode"		"-1"
			}
			"AbilityUltimateQuickCast"
			{
				"Mode"		"-1"
			}
			"AbilityPrimary1AutoCastAlternate2"
			{
				"Key"		"q"
				"Modifier"		"ALT"
				"ChannelCancel"		"ALT"
				"Mode"		"-1"
			}
			"AbilityPrimary2AutoCastAlternate2"
			{
				"Key"		"w"
				"Modifier"		"ALT"
				"ChannelCancel"		"ALT"
				"Mode"		"-1"
			}
			"AbilityPrimary3AutoCastAlternate2"
			{
				"Mode"		"-1"
			}
			"AbilitySecondary1AutoCastAlternate2"
			{
				"Key"		"d"
				"Modifier"		"ALT"
				"ChannelCancel"		"ALT"
				"Mode"		"-1"
			}
			"AbilitySecondary2AutoCastAlternate2"
			{
				"Key"		"f"
				"Modifier"		"ALT"
				"ChannelCancel"		"ALT"
				"Mode"		"-1"
			}
			"AbilityUltimateAutoCastAlternate2"
			{
				"Mode"		"-1"
			}
			"AbilityPrimary1AutoCast"
			{
				"Mode"		"0"
			}
			"AbilityPrimary2AutoCast"
			{
				"Mode"		"0"
			}
			"AbilityPrimary3AutoCast"
			{
				"Key"		"e"
				"Modifier"		"ALT"
				"Mode"		"0"
				"ChannelCancel"		"ALT"
			}
			"AbilitySecondary1AutoCast"
			{
				"Mode"		"0"
			}
			"AbilitySecondary2AutoCast"
			{
				"Mode"		"0"
			}
			"AbilityUltimateAutoCast"
			{
				"Key"		"r"
				"Modifier"		"ALT"
				"Mode"		"0"
				"ChannelCancel"		"ALT"
			}
			"AbilityPrimary3"
			{
				"Key"		"E"
				"Mode"		"-1"
			}
			"AbilityUltimate"
			{
				"Key"		"R"
				"Mode"		"-1"
			}
		}
		"npc_dota_hero_batrider"
		{
			"AbilityPrimary1"
			{
				"Key"		"Q"
				"Mode"		"0"
			}
			"AbilitySecondary1"
			{
				"Mode"		"0"
			}
			"AbilitySecondary2"
			{
				"Mode"		"0"
			}
			"TalentUpgradeStatLeft"
			{
				"Key"		"1"
				"Mode"		"-1"
			}
			"TalentUpgradeStatRight"
			{
				"Key"		"2"
				"Mode"		"-1"
			}
			"TalentUpgradeAttribute"
			{
				"Key"		"3"
				"Mode"		"-1"
			}
			"AbilityPrimary1QuickCast"
			{
				"Mode"		"-1"
			}
			"AbilityPrimary2QuickCast"
			{
				"Mode"		"-1"
			}
			"AbilityPrimary3QuickCast"
			{
				"Key"		"E"
				"Mode"		"-1"
			}
			"AbilitySecondary1QuickCast"
			{
				"Key"		"D"
				"Mode"		"-1"
			}
			"AbilitySecondary2QuickCast"
			{
				"Key"		"F"
				"Mode"		"-1"
			}
			"AbilityUltimateQuickCast"
			{
				"Key"		"R"
				"Mode"		"-1"
			}
			"AbilityPrimary1AutoCastAlternate2"
			{
				"Mode"		"-1"
			}
			"AbilityPrimary2AutoCastAlternate2"
			{
				"Mode"		"-1"
			}
			"AbilityPrimary3AutoCastAlternate2"
			{
				"Key"		"e"
				"Modifier"		"ALT"
				"ChannelCancel"		"ALT"
				"Mode"		"-1"
			}
			"AbilitySecondary1AutoCastAlternate2"
			{
				"Key"		"d"
				"Modifier"		"ALT"
				"ChannelCancel"		"ALT"
				"Mode"		"-1"
			}
			"AbilitySecondary2AutoCastAlternate2"
			{
				"Key"		"f"
				"Modifier"		"ALT"
				"ChannelCancel"		"ALT"
				"Mode"		"-1"
			}
			"AbilityUltimateAutoCastAlternate2"
			{
				"Key"		"r"
				"Modifier"		"ALT"
				"ChannelCancel"		"ALT"
				"Mode"		"-1"
			}
			"AbilityPrimary1AutoCast"
			{
				"Key"		"q"
				"Modifier"		"ALT"
				"Mode"		"0"
				"ChannelCancel"		"ALT"
			}
			"AbilityPrimary2AutoCast"
			{
				"Key"		"w"
				"Modifier"		"ALT"
				"Mode"		"0"
				"ChannelCancel"		"ALT"
			}
			"AbilityPrimary3AutoCast"
			{
				"Mode"		"0"
			}
			"AbilitySecondary1AutoCast"
			{
				"Mode"		"0"
			}
			"AbilitySecondary2AutoCast"
			{
				"Mode"		"0"
			}
			"AbilityUltimateAutoCast"
			{
				"Mode"		"0"
			}
			"AbilityPrimary2"
			{
				"Key"		"W"
				"Mode"		"-1"
			}
		}
		"npc_dota_hero_broodmother"
		{
			"AbilityPrimary1"
			{
				"Mode"		"0"
			}
			"AbilitySecondary1"
			{
				"Mode"		"0"
			}
			"AbilitySecondary2"
			{
				"Mode"		"0"
			}
			"TalentUpgradeStatLeft"
			{
				"Key"		"1"
				"Mode"		"-1"
			}
			"TalentUpgradeStatRight"
			{
				"Key"		"2"
				"Mode"		"-1"
			}
			"TalentUpgradeAttribute"
			{
				"Key"		"3"
				"Mode"		"-1"
			}
			"AbilityPrimary1QuickCast"
			{
				"Key"		"Q"
				"Mode"		"-1"
			}
			"AbilityPrimary2QuickCast"
			{
				"Mode"		"-1"
			}
			"AbilityPrimary3QuickCast"
			{
				"Key"		"E"
				"Mode"		"-1"
			}
			"AbilitySecondary1QuickCast"
			{
				"Key"		"D"
				"Mode"		"-1"
			}
			"AbilitySecondary2QuickCast"
			{
				"Key"		"F"
				"Mode"		"-1"
			}
			"AbilityUltimateQuickCast"
			{
				"Key"		"R"
				"Mode"		"-1"
			}
			"AbilityPrimary1AutoCastAlternate2"
			{
				"Key"		"q"
				"Modifier"		"ALT"
				"ChannelCancel"		"ALT"
				"Mode"		"-1"
			}
			"AbilityPrimary2AutoCastAlternate2"
			{
				"Mode"		"-1"
			}
			"AbilityPrimary3AutoCastAlternate2"
			{
				"Key"		"e"
				"Modifier"		"ALT"
				"ChannelCancel"		"ALT"
				"Mode"		"-1"
			}
			"AbilitySecondary1AutoCastAlternate2"
			{
				"Key"		"d"
				"Modifier"		"ALT"
				"ChannelCancel"		"ALT"
				"Mode"		"-1"
			}
			"AbilitySecondary2AutoCastAlternate2"
			{
				"Key"		"f"
				"Modifier"		"ALT"
				"ChannelCancel"		"ALT"
				"Mode"		"-1"
			}
			"AbilityUltimateAutoCastAlternate2"
			{
				"Key"		"r"
				"Modifier"		"ALT"
				"ChannelCancel"		"ALT"
				"Mode"		"-1"
			}
			"AbilityPrimary1AutoCast"
			{
				"Mode"		"0"
			}
			"AbilityPrimary2AutoCast"
			{
				"Key"		"w"
				"Modifier"		"ALT"
				"Mode"		"0"
				"ChannelCancel"		"ALT"
			}
			"AbilityPrimary3AutoCast"
			{
				"Mode"		"0"
			}
			"AbilitySecondary1AutoCast"
			{
				"Mode"		"0"
			}
			"AbilitySecondary2AutoCast"
			{
				"Mode"		"0"
			}
			"AbilityUltimateAutoCast"
			{
				"Mode"		"0"
			}
			"AbilityPrimary2"
			{
				"Key"		"W"
				"Mode"		"-1"
			}
		}
		"npc_dota_hero_dark_seer"
		{
			"AbilityPrimary1"
			{
				"Key"		"Q"
				"Mode"		"0"
			}
			"AbilitySecondary1"
			{
				"Mode"		"0"
			}
			"AbilitySecondary2"
			{
				"Mode"		"0"
			}
			"TalentUpgradeStatLeft"
			{
				"Key"		"1"
				"Mode"		"-1"
			}
			"TalentUpgradeStatRight"
			{
				"Key"		"2"
				"Mode"		"-1"
			}
			"TalentUpgradeAttribute"
			{
				"Key"		"3"
				"Mode"		"-1"
			}
			"AbilityPrimary1QuickCast"
			{
				"Mode"		"-1"
			}
			"AbilityPrimary2QuickCast"
			{
				"Key"		"W"
				"Mode"		"-1"
			}
			"AbilityPrimary3QuickCast"
			{
				"Key"		"E"
				"Mode"		"-1"
			}
			"AbilitySecondary1QuickCast"
			{
				"Key"		"D"
				"Mode"		"-1"
			}
			"AbilitySecondary2QuickCast"
			{
				"Mode"		"-1"
			}
			"AbilityUltimateQuickCast"
			{
				"Key"		"R"
				"Mode"		"-1"
			}
			"AbilityPrimary1AutoCastAlternate2"
			{
				"Mode"		"-1"
			}
			"AbilityPrimary2AutoCastAlternate2"
			{
				"Key"		"w"
				"Modifier"		"ALT"
				"ChannelCancel"		"ALT"
				"Mode"		"-1"
			}
			"AbilityPrimary3AutoCastAlternate2"
			{
				"Key"		"e"
				"Modifier"		"ALT"
				"ChannelCancel"		"ALT"
				"Mode"		"-1"
			}
			"AbilitySecondary1AutoCastAlternate2"
			{
				"Key"		"d"
				"Modifier"		"ALT"
				"ChannelCancel"		"ALT"
				"Mode"		"-1"
			}
			"AbilitySecondary2AutoCastAlternate2"
			{
				"Mode"		"-1"
			}
			"AbilityUltimateAutoCastAlternate2"
			{
				"Key"		"r"
				"Modifier"		"ALT"
				"ChannelCancel"		"ALT"
				"Mode"		"-1"
			}
			"AbilityPrimary1AutoCast"
			{
				"Key"		"q"
				"Modifier"		"ALT"
				"Mode"		"0"
				"ChannelCancel"		"ALT"
			}
			"AbilityPrimary2AutoCast"
			{
				"Mode"		"0"
			}
			"AbilityPrimary3AutoCast"
			{
				"Mode"		"0"
				"Key"		"f"
				"Modifier"		"ALT"
				"ChannelCancel"		"ALT"
			}
			"AbilitySecondary1AutoCast"
			{
				"Mode"		"0"
			}
			"AbilitySecondary2AutoCast"
			{
				"Mode"		"0"
			}
			"AbilityUltimateAutoCast"
			{
				"Mode"		"0"
			}
			"AbilityPrimary3"
			{
				"Key"		"F"
				"Mode"		"-1"
			}
		}
		"npc_dota_hero_dark_willow"
		{
			"AbilityPrimary1"
			{
				"Key"		"Q"
				"Mode"		"0"
			}
			"AbilitySecondary1"
			{
				"Mode"		"0"
			}
			"AbilitySecondary2"
			{
				"Mode"		"0"
			}
			"TalentUpgradeStatLeft"
			{
				"Key"		"1"
				"Mode"		"-1"
			}
			"TalentUpgradeStatRight"
			{
				"Key"		"2"
				"Mode"		"-1"
			}
			"TalentUpgradeAttribute"
			{
				"Key"		"3"
				"Mode"		"-1"
			}
			"AbilityPrimary1QuickCast"
			{
				"Mode"		"-1"
			}
			"AbilityPrimary2QuickCast"
			{
				"Key"		"W"
				"Mode"		"-1"
			}
			"AbilityPrimary3QuickCast"
			{
				"Key"		"E"
				"Mode"		"-1"
			}
			"AbilitySecondary1QuickCast"
			{
				"Key"		"D"
				"Mode"		"-1"
			}
			"AbilitySecondary2QuickCast"
			{
				"Key"		"F"
				"Mode"		"-1"
			}
			"AbilityUltimateQuickCast"
			{
				"Mode"		"-1"
			}
			"AbilityPrimary1AutoCastAlternate2"
			{
				"Mode"		"-1"
			}
			"AbilityPrimary2AutoCastAlternate2"
			{
				"Key"		"w"
				"Modifier"		"ALT"
				"ChannelCancel"		"ALT"
				"Mode"		"-1"
			}
			"AbilityPrimary3AutoCastAlternate2"
			{
				"Key"		"e"
				"Modifier"		"ALT"
				"ChannelCancel"		"ALT"
				"Mode"		"-1"
			}
			"AbilitySecondary1AutoCastAlternate2"
			{
				"Key"		"d"
				"Modifier"		"ALT"
				"ChannelCancel"		"ALT"
				"Mode"		"-1"
			}
			"AbilitySecondary2AutoCastAlternate2"
			{
				"Key"		"f"
				"Modifier"		"ALT"
				"ChannelCancel"		"ALT"
				"Mode"		"-1"
			}
			"AbilityUltimateAutoCastAlternate2"
			{
				"Mode"		"-1"
			}
			"AbilityPrimary1AutoCast"
			{
				"Key"		"q"
				"Modifier"		"ALT"
				"Mode"		"0"
				"ChannelCancel"		"ALT"
			}
			"AbilityPrimary2AutoCast"
			{
				"Mode"		"0"
			}
			"AbilityPrimary3AutoCast"
			{
				"Mode"		"0"
			}
			"AbilitySecondary1AutoCast"
			{
				"Mode"		"0"
			}
			"AbilitySecondary2AutoCast"
			{
				"Mode"		"0"
			}
			"AbilityUltimateAutoCast"
			{
				"Key"		"r"
				"Modifier"		"ALT"
				"Mode"		"0"
				"ChannelCancel"		"ALT"
			}
			"AbilityUltimate"
			{
				"Key"		"R"
				"Mode"		"-1"
			}
		}
		"npc_dota_hero_enigma"
		{
			"AbilityPrimary1"
			{
				"Mode"		"0"
			}
			"AbilitySecondary1"
			{
				"Mode"		"0"
			}
			"AbilitySecondary2"
			{
				"Mode"		"0"
			}
			"TalentUpgradeStatLeft"
			{
				"Key"		"1"
				"Mode"		"-1"
			}
			"TalentUpgradeStatRight"
			{
				"Key"		"2"
				"Mode"		"-1"
			}
			"TalentUpgradeAttribute"
			{
				"Key"		"3"
				"Mode"		"-1"
			}
			"AbilityPrimary1QuickCast"
			{
				"Key"		"Q"
				"Mode"		"-1"
			}
			"AbilityPrimary2QuickCast"
			{
				"Key"		"W"
				"Mode"		"-1"
			}
			"AbilityPrimary3QuickCast"
			{
				"Key"		"E"
				"Mode"		"-1"
			}
			"AbilitySecondary1QuickCast"
			{
				"Key"		"D"
				"Mode"		"-1"
			}
			"AbilitySecondary2QuickCast"
			{
				"Key"		"F"
				"Mode"		"-1"
			}
			"AbilityUltimateQuickCast"
			{
				"Mode"		"-1"
			}
			"AbilityPrimary1AutoCastAlternate2"
			{
				"Key"		"q"
				"Modifier"		"ALT"
				"ChannelCancel"		"ALT"
				"Mode"		"-1"
			}
			"AbilityPrimary2AutoCastAlternate2"
			{
				"Key"		"w"
				"Modifier"		"ALT"
				"ChannelCancel"		"ALT"
				"Mode"		"-1"
			}
			"AbilityPrimary3AutoCastAlternate2"
			{
				"Key"		"e"
				"Modifier"		"ALT"
				"ChannelCancel"		"ALT"
				"Mode"		"-1"
			}
			"AbilitySecondary1AutoCastAlternate2"
			{
				"Key"		"d"
				"Modifier"		"ALT"
				"ChannelCancel"		"ALT"
				"Mode"		"-1"
			}
			"AbilitySecondary2AutoCastAlternate2"
			{
				"Key"		"f"
				"Modifier"		"ALT"
				"ChannelCancel"		"ALT"
				"Mode"		"-1"
			}
			"AbilityUltimateAutoCastAlternate2"
			{
				"Mode"		"-1"
			}
			"AbilityPrimary1AutoCast"
			{
				"Mode"		"0"
			}
			"AbilityPrimary2AutoCast"
			{
				"Mode"		"0"
			}
			"AbilityPrimary3AutoCast"
			{
				"Mode"		"0"
			}
			"AbilitySecondary1AutoCast"
			{
				"Mode"		"0"
			}
			"AbilitySecondary2AutoCast"
			{
				"Mode"		"0"
			}
			"AbilityUltimateAutoCast"
			{
				"Mode"		"0"
				"Key"		"r"
				"Modifier"		"ALT"
				"ChannelCancel"		"ALT"
			}
			"AbilityPrimary3"
			{
				"Mode"		"-1"
			}
			"AbilityUltimate"
			{
				"Key"		"R"
				"Mode"		"-1"
			}
		}
		"npc_dota_hero_snapfire"
		{
			"AbilityPrimary1"
			{
				"Key"		"Q"
				"Mode"		"0"
			}
			"AbilitySecondary1"
			{
				"Mode"		"0"
			}
			"AbilitySecondary2"
			{
				"Mode"		"0"
				"Key"		"F"
			}
			"TalentUpgradeStatLeft"
			{
				"Key"		"1"
				"Mode"		"-1"
			}
			"TalentUpgradeStatRight"
			{
				"Key"		"2"
				"Mode"		"-1"
			}
			"TalentUpgradeAttribute"
			{
				"Key"		"3"
				"Mode"		"-1"
			}
			"AbilityPrimary1QuickCast"
			{
				"Mode"		"-1"
			}
			"AbilityPrimary2QuickCast"
			{
				"Key"		"W"
				"Mode"		"-1"
			}
			"AbilityPrimary3QuickCast"
			{
				"Key"		"E"
				"Mode"		"-1"
			}
			"AbilitySecondary1QuickCast"
			{
				"Key"		"D"
				"Mode"		"-1"
			}
			"AbilitySecondary2QuickCast"
			{
				"Mode"		"-1"
			}
			"AbilityUltimateQuickCast"
			{
				"Key"		"R"
				"Mode"		"-1"
			}
			"AbilityPrimary1AutoCastAlternate2"
			{
				"Mode"		"-1"
			}
			"AbilityPrimary2AutoCastAlternate2"
			{
				"Key"		"w"
				"Modifier"		"ALT"
				"ChannelCancel"		"ALT"
				"Mode"		"-1"
			}
			"AbilityPrimary3AutoCastAlternate2"
			{
				"Key"		"e"
				"Modifier"		"ALT"
				"ChannelCancel"		"ALT"
				"Mode"		"-1"
			}
			"AbilitySecondary1AutoCastAlternate2"
			{
				"Key"		"d"
				"Modifier"		"ALT"
				"ChannelCancel"		"ALT"
				"Mode"		"-1"
			}
			"AbilitySecondary2AutoCastAlternate2"
			{
				"Mode"		"-1"
			}
			"AbilityUltimateAutoCastAlternate2"
			{
				"Key"		"r"
				"Modifier"		"ALT"
				"ChannelCancel"		"ALT"
				"Mode"		"-1"
			}
			"AbilityPrimary1AutoCast"
			{
				"Key"		"q"
				"Modifier"		"ALT"
				"Mode"		"0"
				"ChannelCancel"		"ALT"
			}
			"AbilityPrimary2AutoCast"
			{
				"Mode"		"0"
			}
			"AbilityPrimary3AutoCast"
			{
				"Mode"		"0"
			}
			"AbilitySecondary1AutoCast"
			{
				"Mode"		"0"
			}
			"AbilitySecondary2AutoCast"
			{
				"Mode"		"0"
				"Key"		"f"
				"Modifier"		"ALT"
				"ChannelCancel"		"ALT"
			}
			"AbilityUltimateAutoCast"
			{
				"Mode"		"0"
			}
		}
		"npc_dota_hero_techies"
		{
			"AbilityPrimary1"
			{
				"Mode"		"0"
				"Key"		"Q"
			}
			"AbilitySecondary1"
			{
				"Mode"		"0"
			}
			"AbilitySecondary2"
			{
				"Key"		"F"
				"Mode"		"0"
			}
			"TalentUpgradeStatLeft"
			{
				"Key"		"1"
				"Mode"		"-1"
			}
			"TalentUpgradeStatRight"
			{
				"Key"		"2"
				"Mode"		"-1"
			}
			"TalentUpgradeAttribute"
			{
				"Key"		"3"
				"Mode"		"-1"
			}
			"AbilityPrimary1QuickCast"
			{
				"Mode"		"-1"
			}
			"AbilityPrimary2QuickCast"
			{
				"Key"		"W"
				"Mode"		"-1"
			}
			"AbilityPrimary3QuickCast"
			{
				"Mode"		"-1"
			}
			"AbilitySecondary1QuickCast"
			{
				"Mode"		"-1"
			}
			"AbilitySecondary2QuickCast"
			{
				"Mode"		"-1"
			}
			"AbilityUltimateQuickCast"
			{
				"Key"		"R"
				"Mode"		"-1"
			}
			"AbilityPrimary1AutoCastAlternate2"
			{
				"Mode"		"-1"
			}
			"AbilityPrimary2AutoCastAlternate2"
			{
				"Key"		"w"
				"Modifier"		"ALT"
				"ChannelCancel"		"ALT"
				"Mode"		"-1"
			}
			"AbilityPrimary3AutoCastAlternate2"
			{
				"Mode"		"-1"
			}
			"AbilitySecondary1AutoCastAlternate2"
			{
				"Mode"		"-1"
			}
			"AbilitySecondary2AutoCastAlternate2"
			{
				"Mode"		"-1"
			}
			"AbilityUltimateAutoCastAlternate2"
			{
				"Key"		"r"
				"Modifier"		"ALT"
				"ChannelCancel"		"ALT"
				"Mode"		"-1"
			}
			"AbilityPrimary1AutoCast"
			{
				"Mode"		"0"
				"Key"		"q"
				"Modifier"		"ALT"
				"ChannelCancel"		"ALT"
			}
			"AbilityPrimary2AutoCast"
			{
				"Mode"		"0"
			}
			"AbilityPrimary3AutoCast"
			{
				"Key"		"e"
				"Modifier"		"ALT"
				"Mode"		"0"
				"ChannelCancel"		"ALT"
			}
			"AbilitySecondary1AutoCast"
			{
				"Mode"		"0"
			}
			"AbilitySecondary2AutoCast"
			{
				"Key"		"f"
				"Modifier"		"ALT"
				"Mode"		"0"
				"ChannelCancel"		"ALT"
			}
			"AbilityUltimateAutoCast"
			{
				"Mode"		"0"
			}
			"AbilityPrimary3"
			{
				"Key"		"E"
				"Mode"		"-1"
			}
			"AbilityPrimary2"
			{
				"Mode"		"-1"
			}
			"AbilityUltimate"
			{
				"Mode"		"-1"
			}
		}
		"npc_dota_hero_winter_wyvern"
		{
			"AbilityPrimary1"
			{
				"Mode"		"0"
			}
			"AbilitySecondary1"
			{
				"Mode"		"0"
			}
			"AbilitySecondary2"
			{
				"Mode"		"0"
			}
			"TalentUpgradeStatLeft"
			{
				"Key"		"1"
				"Mode"		"-1"
			}
			"TalentUpgradeStatRight"
			{
				"Key"		"2"
				"Mode"		"-1"
			}
			"TalentUpgradeAttribute"
			{
				"Key"		"3"
				"Mode"		"-1"
			}
			"AbilityPrimary1QuickCast"
			{
				"Key"		"Q"
				"Mode"		"-1"
			}
			"AbilityPrimary2QuickCast"
			{
				"Mode"		"-1"
			}
			"AbilityPrimary3QuickCast"
			{
				"Key"		"E"
				"Mode"		"-1"
			}
			"AbilitySecondary1QuickCast"
			{
				"Key"		"D"
				"Mode"		"-1"
			}
			"AbilitySecondary2QuickCast"
			{
				"Key"		"F"
				"Mode"		"-1"
			}
			"AbilityUltimateQuickCast"
			{
				"Mode"		"-1"
			}
			"AbilityPrimary1AutoCastAlternate2"
			{
				"Key"		"q"
				"Modifier"		"ALT"
				"ChannelCancel"		"ALT"
				"Mode"		"-1"
			}
			"AbilityPrimary2AutoCastAlternate2"
			{
				"Mode"		"-1"
			}
			"AbilityPrimary3AutoCastAlternate2"
			{
				"Key"		"e"
				"Modifier"		"ALT"
				"ChannelCancel"		"ALT"
				"Mode"		"-1"
			}
			"AbilitySecondary1AutoCastAlternate2"
			{
				"Key"		"d"
				"Modifier"		"ALT"
				"ChannelCancel"		"ALT"
				"Mode"		"-1"
			}
			"AbilitySecondary2AutoCastAlternate2"
			{
				"Key"		"f"
				"Modifier"		"ALT"
				"ChannelCancel"		"ALT"
				"Mode"		"-1"
			}
			"AbilityUltimateAutoCastAlternate2"
			{
				"Mode"		"-1"
			}
			"AbilityPrimary1AutoCast"
			{
				"Mode"		"0"
			}
			"AbilityPrimary2AutoCast"
			{
				"Key"		"w"
				"Modifier"		"ALT"
				"Mode"		"0"
				"ChannelCancel"		"ALT"
			}
			"AbilityPrimary3AutoCast"
			{
				"Mode"		"0"
			}
			"AbilitySecondary1AutoCast"
			{
				"Mode"		"0"
			}
			"AbilitySecondary2AutoCast"
			{
				"Mode"		"0"
			}
			"AbilityUltimateAutoCast"
			{
				"Key"		"r"
				"Modifier"		"ALT"
				"Mode"		"0"
				"ChannelCancel"		"ALT"
			}
			"AbilityUltimate"
			{
				"Key"		"R"
				"Mode"		"-1"
			}
			"AbilityPrimary2"
			{
				"Key"		"W"
				"Mode"		"-1"
			}
		}
		"npc_dota_hero_hoodwink"
		{
			"AbilityPrimary1"
			{
				"Mode"		"0"
			}
			"AbilitySecondary1"
			{
				"Mode"		"0"
			}
			"AbilitySecondary2"
			{
				"Mode"		"0"
			}
			"TalentUpgradeStatLeft"
			{
				"Key"		"1"
				"Mode"		"-1"
			}
			"TalentUpgradeStatRight"
			{
				"Key"		"2"
				"Mode"		"-1"
			}
			"TalentUpgradeAttribute"
			{
				"Key"		"3"
				"Mode"		"-1"
			}
			"AbilityPrimary1QuickCast"
			{
				"Key"		"Q"
				"Mode"		"-1"
			}
			"AbilityPrimary2QuickCast"
			{
				"Mode"		"-1"
			}
			"AbilityPrimary3QuickCast"
			{
				"Key"		"E"
				"Mode"		"-1"
			}
			"AbilitySecondary1QuickCast"
			{
				"Key"		"D"
				"Mode"		"-1"
			}
			"AbilitySecondary2QuickCast"
			{
				"Key"		"F"
				"Mode"		"-1"
			}
			"AbilityUltimateQuickCast"
			{
				"Key"		"R"
				"Mode"		"-1"
			}
			"AbilityPrimary1AutoCastAlternate2"
			{
				"Key"		"q"
				"Modifier"		"ALT"
				"ChannelCancel"		"ALT"
				"Mode"		"-1"
			}
			"AbilityPrimary2AutoCastAlternate2"
			{
				"Mode"		"-1"
			}
			"AbilityPrimary3AutoCastAlternate2"
			{
				"Key"		"e"
				"Modifier"		"ALT"
				"ChannelCancel"		"ALT"
				"Mode"		"-1"
			}
			"AbilitySecondary1AutoCastAlternate2"
			{
				"Key"		"d"
				"Modifier"		"ALT"
				"ChannelCancel"		"ALT"
				"Mode"		"-1"
			}
			"AbilitySecondary2AutoCastAlternate2"
			{
				"Key"		"f"
				"Modifier"		"ALT"
				"ChannelCancel"		"ALT"
				"Mode"		"-1"
			}
			"AbilityUltimateAutoCastAlternate2"
			{
				"Key"		"r"
				"Modifier"		"ALT"
				"ChannelCancel"		"ALT"
				"Mode"		"-1"
			}
			"AbilityPrimary1AutoCast"
			{
				"Mode"		"0"
			}
			"AbilityPrimary2AutoCast"
			{
				"Key"		"w"
				"Modifier"		"ALT"
				"Mode"		"0"
				"ChannelCancel"		"ALT"
			}
			"AbilityPrimary3AutoCast"
			{
				"Mode"		"0"
			}
			"AbilitySecondary1AutoCast"
			{
				"Mode"		"0"
			}
			"AbilitySecondary2AutoCast"
			{
				"Mode"		"0"
			}
			"AbilityUltimateAutoCast"
			{
				"Mode"		"0"
			}
			"AbilityPrimary2"
			{
				"Key"		"W"
				"Mode"		"-1"
			}
		}
		"npc_dota_hero_obsidian_destroyer"
		{
			"AbilityPrimary1"
			{
				"Mode"		"0"
			}
			"AbilitySecondary1"
			{
				"Mode"		"0"
			}
			"AbilitySecondary2"
			{
				"Mode"		"0"
			}
			"TalentUpgradeStatLeft"
			{
				"Key"		"1"
				"Mode"		"-1"
			}
			"TalentUpgradeStatRight"
			{
				"Key"		"2"
				"Mode"		"-1"
			}
			"TalentUpgradeAttribute"
			{
				"Key"		"3"
				"Mode"		"-1"
			}
			"AbilityPrimary1QuickCast"
			{
				"Key"		"Q"
				"Mode"		"-1"
			}
			"AbilityPrimary2QuickCast"
			{
				"Key"		"W"
				"Mode"		"-1"
			}
			"AbilityPrimary3QuickCast"
			{
				"Key"		"E"
				"Mode"		"-1"
			}
			"AbilitySecondary1QuickCast"
			{
				"Key"		"D"
				"Mode"		"-1"
			}
			"AbilitySecondary2QuickCast"
			{
				"Key"		"F"
				"Mode"		"-1"
			}
			"AbilityUltimateQuickCast"
			{
				"Mode"		"-1"
			}
			"AbilityPrimary1AutoCastAlternate2"
			{
				"Key"		"q"
				"Modifier"		"ALT"
				"ChannelCancel"		"ALT"
				"Mode"		"-1"
			}
			"AbilityPrimary2AutoCastAlternate2"
			{
				"Key"		"w"
				"Modifier"		"ALT"
				"ChannelCancel"		"ALT"
				"Mode"		"-1"
			}
			"AbilityPrimary3AutoCastAlternate2"
			{
				"Key"		"e"
				"Modifier"		"ALT"
				"ChannelCancel"		"ALT"
				"Mode"		"-1"
			}
			"AbilitySecondary1AutoCastAlternate2"
			{
				"Key"		"d"
				"Modifier"		"ALT"
				"ChannelCancel"		"ALT"
				"Mode"		"-1"
			}
			"AbilitySecondary2AutoCastAlternate2"
			{
				"Key"		"f"
				"Modifier"		"ALT"
				"ChannelCancel"		"ALT"
				"Mode"		"-1"
			}
			"AbilityUltimateAutoCastAlternate2"
			{
				"Mode"		"-1"
			}
			"AbilityPrimary1AutoCast"
			{
				"Mode"		"0"
			}
			"AbilityPrimary2AutoCast"
			{
				"Mode"		"0"
			}
			"AbilityPrimary3AutoCast"
			{
				"Mode"		"0"
			}
			"AbilitySecondary1AutoCast"
			{
				"Mode"		"0"
			}
			"AbilitySecondary2AutoCast"
			{
				"Mode"		"0"
			}
			"AbilityUltimateAutoCast"
			{
				"Key"		"r"
				"Modifier"		"ALT"
				"Mode"		"0"
				"ChannelCancel"		"ALT"
			}
			"AbilityUltimate"
			{
				"Key"		"R"
				"Mode"		"-1"
			}
		}
		"npc_dota_hero_furion"
		{
			"AbilityPrimary1"
			{
				"Mode"		"0"
			}
			"AbilitySecondary1"
			{
				"Mode"		"0"
			}
			"AbilitySecondary2"
			{
				"Mode"		"0"
			}
			"TalentUpgradeStatLeft"
			{
				"Key"		"1"
				"Mode"		"-1"
			}
			"TalentUpgradeStatRight"
			{
				"Key"		"2"
				"Mode"		"-1"
			}
			"TalentUpgradeAttribute"
			{
				"Key"		"3"
				"Mode"		"-1"
			}
			"AbilityPrimary1QuickCast"
			{
				"Key"		"Q"
				"Mode"		"-1"
			}
			"AbilityPrimary2QuickCast"
			{
				"Mode"		"-1"
			}
			"AbilityPrimary3QuickCast"
			{
				"Mode"		"-1"
			}
			"AbilitySecondary1QuickCast"
			{
				"Key"		"D"
				"Mode"		"-1"
			}
			"AbilitySecondary2QuickCast"
			{
				"Key"		"F"
				"Mode"		"-1"
			}
			"AbilityUltimateQuickCast"
			{
				"Key"		"R"
				"Mode"		"-1"
			}
			"AbilityPrimary1AutoCastAlternate2"
			{
				"Key"		"q"
				"Modifier"		"ALT"
				"ChannelCancel"		"ALT"
				"Mode"		"-1"
			}
			"AbilityPrimary2AutoCastAlternate2"
			{
				"Mode"		"-1"
			}
			"AbilityPrimary3AutoCastAlternate2"
			{
				"Mode"		"-1"
			}
			"AbilitySecondary1AutoCastAlternate2"
			{
				"Key"		"d"
				"Modifier"		"ALT"
				"ChannelCancel"		"ALT"
				"Mode"		"-1"
			}
			"AbilitySecondary2AutoCastAlternate2"
			{
				"Key"		"f"
				"Modifier"		"ALT"
				"ChannelCancel"		"ALT"
				"Mode"		"-1"
			}
			"AbilityUltimateAutoCastAlternate2"
			{
				"Key"		"r"
				"Modifier"		"ALT"
				"ChannelCancel"		"ALT"
				"Mode"		"-1"
			}
			"AbilityPrimary1AutoCast"
			{
				"Mode"		"0"
			}
			"AbilityPrimary2AutoCast"
			{
				"Key"		"w"
				"Modifier"		"ALT"
				"Mode"		"0"
				"ChannelCancel"		"ALT"
			}
			"AbilityPrimary3AutoCast"
			{
				"Key"		"e"
				"Modifier"		"ALT"
				"Mode"		"0"
				"ChannelCancel"		"ALT"
			}
			"AbilitySecondary1AutoCast"
			{
				"Mode"		"0"
			}
			"AbilitySecondary2AutoCast"
			{
				"Mode"		"0"
			}
			"AbilityUltimateAutoCast"
			{
				"Mode"		"0"
			}
			"AbilityPrimary3"
			{
				"Key"		"E"
				"Mode"		"-1"
			}
			"AbilityPrimary2"
			{
				"Key"		"W"
				"Mode"		"-1"
			}
		}
		"npc_dota_hero_phantom_lancer"
		{
			"AbilityPrimary1"
			{
				"Mode"		"0"
			}
			"AbilitySecondary1"
			{
				"Mode"		"0"
			}
			"AbilitySecondary2"
			{
				"Mode"		"0"
			}
			"TalentUpgradeStatLeft"
			{
				"Key"		"1"
				"Mode"		"-1"
			}
			"TalentUpgradeStatRight"
			{
				"Key"		"2"
				"Mode"		"-1"
			}
			"TalentUpgradeAttribute"
			{
				"Key"		"3"
				"Mode"		"-1"
			}
			"AbilityPrimary1QuickCast"
			{
				"Key"		"Q"
				"Mode"		"-1"
			}
			"AbilityPrimary2QuickCast"
			{
				"Key"		"W"
				"Mode"		"-1"
			}
			"AbilityPrimary3QuickCast"
			{
				"Key"		"E"
				"Mode"		"-1"
			}
			"AbilitySecondary1QuickCast"
			{
				"Key"		"D"
				"Mode"		"-1"
			}
			"AbilitySecondary2QuickCast"
			{
				"Mode"		"-1"
			}
			"AbilityUltimateQuickCast"
			{
				"Key"		"R"
				"Mode"		"-1"
			}
			"AbilityPrimary1AutoCastAlternate2"
			{
				"Key"		"q"
				"Modifier"		"ALT"
				"ChannelCancel"		"ALT"
				"Mode"		"-1"
			}
			"AbilityPrimary2AutoCastAlternate2"
			{
				"Key"		"w"
				"Modifier"		"ALT"
				"ChannelCancel"		"ALT"
				"Mode"		"-1"
			}
			"AbilityPrimary3AutoCastAlternate2"
			{
				"Key"		"e"
				"Modifier"		"ALT"
				"ChannelCancel"		"ALT"
				"Mode"		"-1"
			}
			"AbilitySecondary1AutoCastAlternate2"
			{
				"Key"		"d"
				"Modifier"		"ALT"
				"ChannelCancel"		"ALT"
				"Mode"		"-1"
			}
			"AbilitySecondary2AutoCastAlternate2"
			{
				"Mode"		"-1"
			}
			"AbilityUltimateAutoCastAlternate2"
			{
				"Key"		"r"
				"Modifier"		"ALT"
				"ChannelCancel"		"ALT"
				"Mode"		"-1"
			}
			"AbilityPrimary1AutoCast"
			{
				"Mode"		"0"
			}
			"AbilityPrimary2AutoCast"
			{
				"Mode"		"0"
				"Key"		"f"
				"Modifier"		"ALT"
				"ChannelCancel"		"ALT"
			}
			"AbilityPrimary3AutoCast"
			{
				"Mode"		"0"
			}
			"AbilitySecondary1AutoCast"
			{
				"Mode"		"0"
			}
			"AbilitySecondary2AutoCast"
			{
				"Mode"		"0"
			}
			"AbilityUltimateAutoCast"
			{
				"Mode"		"0"
			}
			"AbilityPrimary2"
			{
				"Key"		"F"
				"Mode"		"-1"
			}
		}
		"npc_dota_hero_tiny"
		{
			"AbilityPrimary1"
			{
				"Key"		"Q"
				"Mode"		"0"
			}
			"AbilitySecondary1"
			{
				"Key"		"D"
				"Mode"		"0"
			}
			"AbilitySecondary2"
			{
				"Mode"		"0"
			}
			"TalentUpgradeStatLeft"
			{
				"Key"		"1"
				"Mode"		"-1"
			}
			"TalentUpgradeStatRight"
			{
				"Key"		"2"
				"Mode"		"-1"
			}
			"TalentUpgradeAttribute"
			{
				"Key"		"3"
				"Mode"		"-1"
			}
			"AbilityPrimary1QuickCast"
			{
				"Mode"		"-1"
			}
			"AbilityPrimary2QuickCast"
			{
				"Key"		"W"
				"Mode"		"-1"
			}
			"AbilityPrimary3QuickCast"
			{
				"Key"		"E"
				"Mode"		"-1"
			}
			"AbilitySecondary1QuickCast"
			{
				"Mode"		"-1"
			}
			"AbilitySecondary2QuickCast"
			{
				"Key"		"F"
				"Mode"		"-1"
			}
			"AbilityUltimateQuickCast"
			{
				"Key"		"R"
				"Mode"		"-1"
			}
			"AbilityPrimary1AutoCastAlternate2"
			{
				"Mode"		"-1"
			}
			"AbilityPrimary2AutoCastAlternate2"
			{
				"Key"		"w"
				"Modifier"		"ALT"
				"ChannelCancel"		"ALT"
				"Mode"		"-1"
			}
			"AbilityPrimary3AutoCastAlternate2"
			{
				"Key"		"e"
				"Modifier"		"ALT"
				"ChannelCancel"		"ALT"
				"Mode"		"-1"
			}
			"AbilitySecondary1AutoCastAlternate2"
			{
				"Mode"		"-1"
			}
			"AbilitySecondary2AutoCastAlternate2"
			{
				"Key"		"f"
				"Modifier"		"ALT"
				"ChannelCancel"		"ALT"
				"Mode"		"-1"
			}
			"AbilityUltimateAutoCastAlternate2"
			{
				"Key"		"r"
				"Modifier"		"ALT"
				"ChannelCancel"		"ALT"
				"Mode"		"-1"
			}
			"AbilityPrimary1AutoCast"
			{
				"Key"		"q"
				"Modifier"		"ALT"
				"Mode"		"0"
				"ChannelCancel"		"ALT"
			}
			"AbilityPrimary2AutoCast"
			{
				"Mode"		"0"
			}
			"AbilityPrimary3AutoCast"
			{
				"Mode"		"0"
			}
			"AbilitySecondary1AutoCast"
			{
				"Key"		"d"
				"Modifier"		"ALT"
				"Mode"		"0"
				"ChannelCancel"		"ALT"
			}
			"AbilitySecondary2AutoCast"
			{
				"Mode"		"0"
			}
			"AbilityUltimateAutoCast"
			{
				"Mode"		"0"
			}
		}
		"npc_dota_hero_bristleback"
		{
			"AbilityPrimary1"
			{
				"Mode"		"0"
			}
			"AbilitySecondary1"
			{
				"Key"		"D"
				"Mode"		"0"
			}
			"AbilitySecondary2"
			{
				"Mode"		"0"
			}
			"TalentUpgradeStatLeft"
			{
				"Key"		"1"
				"Mode"		"-1"
			}
			"TalentUpgradeStatRight"
			{
				"Key"		"2"
				"Mode"		"-1"
			}
			"TalentUpgradeAttribute"
			{
				"Key"		"3"
				"Mode"		"-1"
			}
			"AbilityPrimary1QuickCast"
			{
				"Key"		"Q"
				"Mode"		"-1"
			}
			"AbilityPrimary2QuickCast"
			{
				"Key"		"W"
				"Mode"		"-1"
			}
			"AbilityPrimary3QuickCast"
			{
				"Mode"		"-1"
			}
			"AbilitySecondary1QuickCast"
			{
				"Mode"		"-1"
			}
			"AbilitySecondary2QuickCast"
			{
				"Key"		"F"
				"Mode"		"-1"
			}
			"AbilityUltimateQuickCast"
			{
				"Key"		"R"
				"Mode"		"-1"
			}
			"AbilityPrimary1AutoCastAlternate2"
			{
				"Key"		"q"
				"Modifier"		"ALT"
				"ChannelCancel"		"ALT"
				"Mode"		"-1"
			}
			"AbilityPrimary2AutoCastAlternate2"
			{
				"Key"		"w"
				"Modifier"		"ALT"
				"ChannelCancel"		"ALT"
				"Mode"		"-1"
			}
			"AbilityPrimary3AutoCastAlternate2"
			{
				"Mode"		"-1"
			}
			"AbilitySecondary1AutoCastAlternate2"
			{
				"Mode"		"-1"
			}
			"AbilitySecondary2AutoCastAlternate2"
			{
				"Key"		"f"
				"Modifier"		"ALT"
				"ChannelCancel"		"ALT"
				"Mode"		"-1"
			}
			"AbilityUltimateAutoCastAlternate2"
			{
				"Key"		"r"
				"Modifier"		"ALT"
				"ChannelCancel"		"ALT"
				"Mode"		"-1"
			}
			"AbilityPrimary1AutoCast"
			{
				"Mode"		"0"
			}
			"AbilityPrimary2AutoCast"
			{
				"Mode"		"0"
			}
			"AbilityPrimary3AutoCast"
			{
				"Mode"		"0"
				"Key"		"e"
				"Modifier"		"ALT"
				"ChannelCancel"		"ALT"
			}
			"AbilitySecondary1AutoCast"
			{
				"Key"		"d"
				"Modifier"		"ALT"
				"Mode"		"0"
				"ChannelCancel"		"ALT"
			}
			"AbilitySecondary2AutoCast"
			{
				"Mode"		"0"
			}
			"AbilityUltimateAutoCast"
			{
				"Mode"		"0"
			}
			"AbilityPrimary3"
			{
				"Key"		"E"
				"Mode"		"-1"
			}
		}
		"npc_dota_hero_dawnbreaker"
		{
			"AbilityPrimary1"
			{
				"Mode"		"0"
			}
			"AbilitySecondary1"
			{
				"Mode"		"0"
			}
			"AbilitySecondary2"
			{
				"Mode"		"0"
			}
			"TalentUpgradeStatLeft"
			{
				"Key"		"1"
				"Mode"		"-1"
			}
			"TalentUpgradeStatRight"
			{
				"Key"		"2"
				"Mode"		"-1"
			}
			"TalentUpgradeAttribute"
			{
				"Key"		"3"
				"Mode"		"-1"
			}
			"AbilityPrimary1QuickCast"
			{
				"Key"		"Q"
				"Mode"		"-1"
			}
			"AbilityPrimary2QuickCast"
			{
				"Key"		"W"
				"Mode"		"-1"
			}
			"AbilityPrimary3QuickCast"
			{
				"Key"		"E"
				"Mode"		"-1"
			}
			"AbilitySecondary1QuickCast"
			{
				"Key"		"D"
				"Mode"		"-1"
			}
			"AbilitySecondary2QuickCast"
			{
				"Key"		"F"
				"Mode"		"-1"
			}
			"AbilityUltimateQuickCast"
			{
				"Mode"		"-1"
			}
			"AbilityPrimary1AutoCastAlternate2"
			{
				"Key"		"q"
				"Modifier"		"ALT"
				"ChannelCancel"		"ALT"
				"Mode"		"-1"
			}
			"AbilityPrimary2AutoCastAlternate2"
			{
				"Key"		"w"
				"Modifier"		"ALT"
				"ChannelCancel"		"ALT"
				"Mode"		"-1"
			}
			"AbilityPrimary3AutoCastAlternate2"
			{
				"Key"		"e"
				"Modifier"		"ALT"
				"ChannelCancel"		"ALT"
				"Mode"		"-1"
			}
			"AbilitySecondary1AutoCastAlternate2"
			{
				"Key"		"d"
				"Modifier"		"ALT"
				"ChannelCancel"		"ALT"
				"Mode"		"-1"
			}
			"AbilitySecondary2AutoCastAlternate2"
			{
				"Key"		"f"
				"Modifier"		"ALT"
				"ChannelCancel"		"ALT"
				"Mode"		"-1"
			}
			"AbilityUltimateAutoCastAlternate2"
			{
				"Mode"		"-1"
			}
			"AbilityPrimary1AutoCast"
			{
				"Mode"		"0"
			}
			"AbilityPrimary2AutoCast"
			{
				"Mode"		"0"
			}
			"AbilityPrimary3AutoCast"
			{
				"Mode"		"0"
			}
			"AbilitySecondary1AutoCast"
			{
				"Mode"		"0"
			}
			"AbilitySecondary2AutoCast"
			{
				"Mode"		"0"
			}
			"AbilityUltimateAutoCast"
			{
				"Key"		"r"
				"Modifier"		"ALT"
				"Mode"		"0"
				"ChannelCancel"		"ALT"
			}
			"AbilityUltimate"
			{
				"Key"		"R"
				"Mode"		"-1"
			}
		}
		"npc_dota_hero_dragon_knight"
		{
			"AbilityPrimary1"
			{
				"Key"		"Q"
				"Mode"		"0"
			}
			"AbilitySecondary1"
			{
				"Key"		"D"
				"Mode"		"0"
			}
			"AbilitySecondary2"
			{
				"Mode"		"0"
			}
			"TalentUpgradeStatLeft"
			{
				"Key"		"1"
				"Mode"		"-1"
			}
			"TalentUpgradeStatRight"
			{
				"Key"		"2"
				"Mode"		"-1"
			}
			"TalentUpgradeAttribute"
			{
				"Key"		"3"
				"Mode"		"-1"
			}
			"AbilityPrimary1QuickCast"
			{
				"Mode"		"-1"
			}
			"AbilityPrimary2QuickCast"
			{
				"Key"		"W"
				"Mode"		"-1"
			}
			"AbilityPrimary3QuickCast"
			{
				"Key"		"E"
				"Mode"		"-1"
			}
			"AbilitySecondary1QuickCast"
			{
				"Mode"		"-1"
			}
			"AbilitySecondary2QuickCast"
			{
				"Key"		"F"
				"Mode"		"-1"
			}
			"AbilityUltimateQuickCast"
			{
				"Key"		"R"
				"Mode"		"-1"
			}
			"AbilityPrimary1AutoCastAlternate2"
			{
				"Mode"		"-1"
			}
			"AbilityPrimary2AutoCastAlternate2"
			{
				"Key"		"w"
				"Modifier"		"ALT"
				"ChannelCancel"		"ALT"
				"Mode"		"-1"
			}
			"AbilityPrimary3AutoCastAlternate2"
			{
				"Key"		"e"
				"Modifier"		"ALT"
				"ChannelCancel"		"ALT"
				"Mode"		"-1"
			}
			"AbilitySecondary1AutoCastAlternate2"
			{
				"Mode"		"-1"
			}
			"AbilitySecondary2AutoCastAlternate2"
			{
				"Key"		"f"
				"Modifier"		"ALT"
				"ChannelCancel"		"ALT"
				"Mode"		"-1"
			}
			"AbilityUltimateAutoCastAlternate2"
			{
				"Key"		"r"
				"Modifier"		"ALT"
				"ChannelCancel"		"ALT"
				"Mode"		"-1"
			}
			"AbilityPrimary1AutoCast"
			{
				"Key"		"q"
				"Modifier"		"ALT"
				"Mode"		"0"
				"ChannelCancel"		"ALT"
			}
			"AbilityPrimary2AutoCast"
			{
				"Mode"		"0"
			}
			"AbilityPrimary3AutoCast"
			{
				"Mode"		"0"
			}
			"AbilitySecondary1AutoCast"
			{
				"Key"		"d"
				"Modifier"		"ALT"
				"Mode"		"0"
				"ChannelCancel"		"ALT"
			}
			"AbilitySecondary2AutoCast"
			{
				"Mode"		"0"
			}
			"AbilityUltimateAutoCast"
			{
				"Mode"		"0"
			}
		}
		"npc_dota_hero_earthshaker"
		{
			"AbilityPrimary1"
			{
				"Mode"		"0"
				"Key"		"Q"
			}
			"AbilitySecondary1"
			{
				"Mode"		"0"
			}
			"AbilitySecondary2"
			{
				"Mode"		"0"
			}
			"TalentUpgradeStatLeft"
			{
				"Key"		"1"
				"Mode"		"-1"
			}
			"TalentUpgradeStatRight"
			{
				"Key"		"2"
				"Mode"		"-1"
			}
			"TalentUpgradeAttribute"
			{
				"Key"		"3"
				"Mode"		"-1"
			}
			"AbilityPrimary1QuickCast"
			{
				"Mode"		"-1"
			}
			"AbilityPrimary2QuickCast"
			{
				"Mode"		"-1"
			}
			"AbilityPrimary3QuickCast"
			{
				"Key"		"E"
				"Mode"		"-1"
			}
			"AbilitySecondary1QuickCast"
			{
				"Key"		"D"
				"Mode"		"-1"
			}
			"AbilitySecondary2QuickCast"
			{
				"Key"		"F"
				"Mode"		"-1"
			}
			"AbilityUltimateQuickCast"
			{
				"Key"		"R"
				"Mode"		"-1"
			}
			"AbilityPrimary1AutoCastAlternate2"
			{
				"Mode"		"-1"
			}
			"AbilityPrimary2AutoCastAlternate2"
			{
				"Mode"		"-1"
			}
			"AbilityPrimary3AutoCastAlternate2"
			{
				"Key"		"e"
				"Modifier"		"ALT"
				"ChannelCancel"		"ALT"
				"Mode"		"-1"
			}
			"AbilitySecondary1AutoCastAlternate2"
			{
				"Key"		"d"
				"Modifier"		"ALT"
				"ChannelCancel"		"ALT"
				"Mode"		"-1"
			}
			"AbilitySecondary2AutoCastAlternate2"
			{
				"Key"		"f"
				"Modifier"		"ALT"
				"ChannelCancel"		"ALT"
				"Mode"		"-1"
			}
			"AbilityUltimateAutoCastAlternate2"
			{
				"Key"		"r"
				"Modifier"		"ALT"
				"ChannelCancel"		"ALT"
				"Mode"		"-1"
			}
			"AbilityPrimary1AutoCast"
			{
				"Mode"		"0"
				"Key"		"q"
				"Modifier"		"ALT"
				"ChannelCancel"		"ALT"
			}
			"AbilityPrimary2AutoCast"
			{
				"Key"		"w"
				"Modifier"		"ALT"
				"Mode"		"0"
				"ChannelCancel"		"ALT"
			}
			"AbilityPrimary3AutoCast"
			{
				"Mode"		"0"
			}
			"AbilitySecondary1AutoCast"
			{
				"Mode"		"0"
			}
			"AbilitySecondary2AutoCast"
			{
				"Mode"		"0"
			}
			"AbilityUltimateAutoCast"
			{
				"Mode"		"0"
			}
			"AbilityPrimary2"
			{
				"Key"		"W"
				"Mode"		"-1"
			}
		}
		"npc_dota_hero_elder_titan"
		{
			"AbilityPrimary1"
			{
				"Mode"		"0"
			}
			"AbilitySecondary1"
			{
				"Mode"		"0"
			}
			"AbilitySecondary2"
			{
				"Mode"		"0"
			}
			"TalentUpgradeStatLeft"
			{
				"Key"		"1"
				"Mode"		"-1"
			}
			"TalentUpgradeStatRight"
			{
				"Key"		"2"
				"Mode"		"-1"
			}
			"TalentUpgradeAttribute"
			{
				"Key"		"3"
				"Mode"		"-1"
			}
			"AbilityPrimary1QuickCast"
			{
				"Key"		"Q"
				"Mode"		"-1"
			}
			"AbilityPrimary2QuickCast"
			{
				"Key"		"W"
				"Mode"		"-1"
			}
			"AbilityPrimary3QuickCast"
			{
				"Key"		"E"
				"Mode"		"-1"
			}
			"AbilitySecondary1QuickCast"
			{
				"Key"		"D"
				"Mode"		"-1"
			}
			"AbilitySecondary2QuickCast"
			{
				"Key"		"F"
				"Mode"		"-1"
			}
			"AbilityUltimateQuickCast"
			{
				"Mode"		"-1"
			}
			"AbilityPrimary1AutoCastAlternate2"
			{
				"Key"		"q"
				"Modifier"		"ALT"
				"ChannelCancel"		"ALT"
				"Mode"		"-1"
			}
			"AbilityPrimary2AutoCastAlternate2"
			{
				"Key"		"w"
				"Modifier"		"ALT"
				"ChannelCancel"		"ALT"
				"Mode"		"-1"
			}
			"AbilityPrimary3AutoCastAlternate2"
			{
				"Key"		"e"
				"Modifier"		"ALT"
				"ChannelCancel"		"ALT"
				"Mode"		"-1"
			}
			"AbilitySecondary1AutoCastAlternate2"
			{
				"Key"		"d"
				"Modifier"		"ALT"
				"ChannelCancel"		"ALT"
				"Mode"		"-1"
			}
			"AbilitySecondary2AutoCastAlternate2"
			{
				"Key"		"f"
				"Modifier"		"ALT"
				"ChannelCancel"		"ALT"
				"Mode"		"-1"
			}
			"AbilityUltimateAutoCastAlternate2"
			{
				"Mode"		"-1"
			}
			"AbilityPrimary1AutoCast"
			{
				"Mode"		"0"
			}
			"AbilityPrimary2AutoCast"
			{
				"Mode"		"0"
			}
			"AbilityPrimary3AutoCast"
			{
				"Mode"		"0"
			}
			"AbilitySecondary1AutoCast"
			{
				"Mode"		"0"
			}
			"AbilitySecondary2AutoCast"
			{
				"Mode"		"0"
			}
			"AbilityUltimateAutoCast"
			{
				"Key"		"r"
				"Modifier"		"ALT"
				"Mode"		"0"
				"ChannelCancel"		"ALT"
			}
			"AbilityUltimate"
			{
				"Key"		"R"
				"Mode"		"-1"
			}
		}
		"npc_dota_hero_oracle"
		{
			"AbilityPrimary1"
			{
				"Mode"		"0"
			}
			"AbilitySecondary1"
			{
				"Key"		"D"
				"Mode"		"0"
			}
			"AbilitySecondary2"
			{
				"Mode"		"0"
			}
			"TalentUpgradeStatLeft"
			{
				"Key"		"1"
				"Mode"		"-1"
			}
			"TalentUpgradeStatRight"
			{
				"Key"		"2"
				"Mode"		"-1"
			}
			"TalentUpgradeAttribute"
			{
				"Key"		"3"
				"Mode"		"-1"
			}
			"AbilityPrimary1QuickCast"
			{
				"Key"		"Q"
				"Mode"		"-1"
			}
			"AbilityPrimary2QuickCast"
			{
				"Key"		"W"
				"Mode"		"-1"
			}
			"AbilityPrimary3QuickCast"
			{
				"Key"		"E"
				"Mode"		"-1"
			}
			"AbilitySecondary1QuickCast"
			{
				"Mode"		"-1"
			}
			"AbilitySecondary2QuickCast"
			{
				"Key"		"F"
				"Mode"		"-1"
			}
			"AbilityUltimateQuickCast"
			{
				"Key"		"R"
				"Mode"		"-1"
			}
			"AbilityPrimary1AutoCastAlternate2"
			{
				"Key"		"q"
				"Modifier"		"ALT"
				"ChannelCancel"		"ALT"
				"Mode"		"-1"
			}
			"AbilityPrimary2AutoCastAlternate2"
			{
				"Key"		"w"
				"Modifier"		"ALT"
				"ChannelCancel"		"ALT"
				"Mode"		"-1"
			}
			"AbilityPrimary3AutoCastAlternate2"
			{
				"Key"		"e"
				"Modifier"		"ALT"
				"ChannelCancel"		"ALT"
				"Mode"		"-1"
			}
			"AbilitySecondary1AutoCastAlternate2"
			{
				"Mode"		"-1"
			}
			"AbilitySecondary2AutoCastAlternate2"
			{
				"Key"		"f"
				"Modifier"		"ALT"
				"ChannelCancel"		"ALT"
				"Mode"		"-1"
			}
			"AbilityUltimateAutoCastAlternate2"
			{
				"Key"		"r"
				"Modifier"		"ALT"
				"ChannelCancel"		"ALT"
				"Mode"		"-1"
			}
			"AbilityPrimary1AutoCast"
			{
				"Mode"		"0"
			}
			"AbilityPrimary2AutoCast"
			{
				"Mode"		"0"
			}
			"AbilityPrimary3AutoCast"
			{
				"Mode"		"0"
			}
			"AbilitySecondary1AutoCast"
			{
				"Key"		"d"
				"Modifier"		"ALT"
				"Mode"		"0"
				"ChannelCancel"		"ALT"
			}
			"AbilitySecondary2AutoCast"
			{
				"Mode"		"0"
			}
			"AbilityUltimateAutoCast"
			{
				"Mode"		"0"
			}
		}
		"npc_dota_hero_primal_beast"
		{
			"AbilityPrimary1"
			{
				"Mode"		"0"
			}
			"AbilitySecondary1"
			{
				"Key"		"D"
				"Mode"		"0"
			}
			"AbilitySecondary2"
			{
				"Mode"		"0"
			}
			"TalentUpgradeStatLeft"
			{
				"Key"		"1"
				"Mode"		"-1"
			}
			"TalentUpgradeStatRight"
			{
				"Key"		"2"
				"Mode"		"-1"
			}
			"TalentUpgradeAttribute"
			{
				"Key"		"3"
				"Mode"		"-1"
			}
			"AbilityPrimary1QuickCast"
			{
				"Key"		"Q"
				"Mode"		"-1"
			}
			"AbilityPrimary2QuickCast"
			{
				"Key"		"W"
				"Mode"		"-1"
			}
			"AbilityPrimary3QuickCast"
			{
				"Key"		"E"
				"Mode"		"-1"
			}
			"AbilitySecondary1QuickCast"
			{
				"Mode"		"-1"
			}
			"AbilitySecondary2QuickCast"
			{
				"Key"		"F"
				"Mode"		"-1"
			}
			"AbilityUltimateQuickCast"
			{
				"Key"		"R"
				"Mode"		"-1"
			}
			"AbilityPrimary1AutoCastAlternate2"
			{
				"Key"		"q"
				"Modifier"		"ALT"
				"ChannelCancel"		"ALT"
				"Mode"		"-1"
			}
			"AbilityPrimary2AutoCastAlternate2"
			{
				"Key"		"w"
				"Modifier"		"ALT"
				"ChannelCancel"		"ALT"
				"Mode"		"-1"
			}
			"AbilityPrimary3AutoCastAlternate2"
			{
				"Key"		"e"
				"Modifier"		"ALT"
				"ChannelCancel"		"ALT"
				"Mode"		"-1"
			}
			"AbilitySecondary1AutoCastAlternate2"
			{
				"Mode"		"-1"
			}
			"AbilitySecondary2AutoCastAlternate2"
			{
				"Key"		"f"
				"Modifier"		"ALT"
				"ChannelCancel"		"ALT"
				"Mode"		"-1"
			}
			"AbilityUltimateAutoCastAlternate2"
			{
				"Key"		"r"
				"Modifier"		"ALT"
				"ChannelCancel"		"ALT"
				"Mode"		"-1"
			}
			"AbilityPrimary1AutoCast"
			{
				"Mode"		"0"
			}
			"AbilityPrimary2AutoCast"
			{
				"Mode"		"0"
			}
			"AbilityPrimary3AutoCast"
			{
				"Mode"		"0"
			}
			"AbilitySecondary1AutoCast"
			{
				"Key"		"d"
				"Modifier"		"ALT"
				"Mode"		"0"
				"ChannelCancel"		"ALT"
			}
			"AbilitySecondary2AutoCast"
			{
				"Mode"		"0"
			}
			"AbilityUltimateAutoCast"
			{
				"Mode"		"0"
			}
		}
		"npc_dota_hero_drow_ranger"
		{
			"AbilityPrimary1"
			{
				"Mode"		"0"
			}
			"AbilitySecondary1"
			{
				"Mode"		"0"
			}
			"AbilitySecondary2"
			{
				"Mode"		"0"
			}
			"TalentUpgradeStatLeft"
			{
				"Key"		"1"
				"Mode"		"-1"
			}
			"TalentUpgradeStatRight"
			{
				"Key"		"2"
				"Mode"		"-1"
			}
			"TalentUpgradeAttribute"
			{
				"Key"		"3"
				"Mode"		"-1"
			}
			"AbilityPrimary1QuickCast"
			{
				"Key"		"Q"
				"Mode"		"-1"
			}
			"AbilityPrimary2QuickCast"
			{
				"Mode"		"-1"
			}
			"AbilityPrimary3QuickCast"
			{
				"Mode"		"-1"
			}
			"AbilitySecondary1QuickCast"
			{
				"Key"		"D"
				"Mode"		"-1"
			}
			"AbilitySecondary2QuickCast"
			{
				"Key"		"F"
				"Mode"		"-1"
			}
			"AbilityUltimateQuickCast"
			{
				"Key"		"R"
				"Mode"		"-1"
			}
			"AbilityPrimary1AutoCastAlternate2"
			{
				"Key"		"q"
				"Modifier"		"ALT"
				"ChannelCancel"		"ALT"
				"Mode"		"-1"
			}
			"AbilityPrimary2AutoCastAlternate2"
			{
				"Mode"		"-1"
			}
			"AbilityPrimary3AutoCastAlternate2"
			{
				"Mode"		"-1"
			}
			"AbilitySecondary1AutoCastAlternate2"
			{
				"Key"		"d"
				"Modifier"		"ALT"
				"ChannelCancel"		"ALT"
				"Mode"		"-1"
			}
			"AbilitySecondary2AutoCastAlternate2"
			{
				"Key"		"f"
				"Modifier"		"ALT"
				"ChannelCancel"		"ALT"
				"Mode"		"-1"
			}
			"AbilityUltimateAutoCastAlternate2"
			{
				"Key"		"r"
				"Modifier"		"ALT"
				"ChannelCancel"		"ALT"
				"Mode"		"-1"
			}
			"AbilityPrimary1AutoCast"
			{
				"Mode"		"0"
			}
			"AbilityPrimary2AutoCast"
			{
				"Key"		"w"
				"Modifier"		"ALT"
				"Mode"		"0"
				"ChannelCancel"		"ALT"
			}
			"AbilityPrimary3AutoCast"
			{
				"Key"		"e"
				"Modifier"		"ALT"
				"Mode"		"0"
				"ChannelCancel"		"ALT"
			}
			"AbilitySecondary1AutoCast"
			{
				"Mode"		"0"
			}
			"AbilitySecondary2AutoCast"
			{
				"Mode"		"0"
			}
			"AbilityUltimateAutoCast"
			{
				"Mode"		"0"
			}
			"AbilityPrimary3"
			{
				"Key"		"E"
				"Mode"		"-1"
			}
			"AbilityPrimary2"
			{
				"Key"		"W"
				"Mode"		"-1"
			}
		}
		"npc_dota_hero_sand_king"
		{
			"AbilityPrimary1"
			{
				"Mode"		"0"
			}
			"AbilitySecondary1"
			{
				"Mode"		"0"
			}
			"AbilitySecondary2"
			{
				"Mode"		"0"
			}
			"TalentUpgradeStatLeft"
			{
				"Key"		"1"
				"Mode"		"-1"
			}
			"TalentUpgradeStatRight"
			{
				"Key"		"2"
				"Mode"		"-1"
			}
			"TalentUpgradeAttribute"
			{
				"Key"		"3"
				"Mode"		"-1"
			}
			"AbilityPrimary1QuickCast"
			{
				"Key"		"Q"
				"Mode"		"-1"
			}
			"AbilityPrimary2QuickCast"
			{
				"Key"		"W"
				"Mode"		"-1"
			}
			"AbilityPrimary3QuickCast"
			{
				"Key"		"E"
				"Mode"		"-1"
			}
			"AbilitySecondary1QuickCast"
			{
				"Key"		"D"
				"Mode"		"-1"
			}
			"AbilitySecondary2QuickCast"
			{
				"Key"		"F"
				"Mode"		"-1"
			}
			"AbilityUltimateQuickCast"
			{
				"Key"		"R"
				"Mode"		"-1"
			}
			"AbilityPrimary1AutoCastAlternate2"
			{
				"Key"		"q"
				"Modifier"		"ALT"
				"ChannelCancel"		"ALT"
				"Mode"		"-1"
			}
			"AbilityPrimary2AutoCastAlternate2"
			{
				"Key"		"w"
				"Modifier"		"ALT"
				"ChannelCancel"		"ALT"
				"Mode"		"-1"
			}
			"AbilityPrimary3AutoCastAlternate2"
			{
				"Key"		"e"
				"Modifier"		"ALT"
				"ChannelCancel"		"ALT"
				"Mode"		"-1"
			}
			"AbilitySecondary1AutoCastAlternate2"
			{
				"Key"		"d"
				"Modifier"		"ALT"
				"ChannelCancel"		"ALT"
				"Mode"		"-1"
			}
			"AbilitySecondary2AutoCastAlternate2"
			{
				"Key"		"f"
				"Modifier"		"ALT"
				"ChannelCancel"		"ALT"
				"Mode"		"-1"
			}
			"AbilityUltimateAutoCastAlternate2"
			{
				"Key"		"r"
				"Modifier"		"ALT"
				"ChannelCancel"		"ALT"
				"Mode"		"-1"
			}
			"AbilityPrimary1AutoCast"
			{
				"Mode"		"0"
			}
			"AbilityPrimary2AutoCast"
			{
				"Mode"		"0"
			}
			"AbilityPrimary3AutoCast"
			{
				"Mode"		"0"
			}
			"AbilitySecondary1AutoCast"
			{
				"Mode"		"0"
			}
			"AbilitySecondary2AutoCast"
			{
				"Mode"		"0"
			}
			"AbilityUltimateAutoCast"
			{
				"Mode"		"0"
			}
			"AbilityPrimary3"
			{
				"Mode"		"-1"
			}
		}
		"npc_dota_hero_rattletrap"
		{
			"AbilityPrimary1"
			{
				"Mode"		"0"
			}
			"AbilitySecondary1"
			{
				"Mode"		"0"
			}
			"AbilitySecondary2"
			{
				"Mode"		"0"
			}
			"TalentUpgradeStatLeft"
			{
				"Key"		"1"
				"Mode"		"-1"
			}
			"TalentUpgradeStatRight"
			{
				"Key"		"2"
				"Mode"		"-1"
			}
			"TalentUpgradeAttribute"
			{
				"Key"		"3"
				"Mode"		"-1"
			}
			"AbilityPrimary1QuickCast"
			{
				"Key"		"Q"
				"Mode"		"-1"
			}
			"AbilityPrimary2QuickCast"
			{
				"Key"		"W"
				"Mode"		"-1"
			}
			"AbilityPrimary3QuickCast"
			{
				"Mode"		"-1"
			}
			"AbilitySecondary1QuickCast"
			{
				"Key"		"D"
				"Mode"		"-1"
			}
			"AbilitySecondary2QuickCast"
			{
				"Key"		"F"
				"Mode"		"-1"
			}
			"AbilityUltimateQuickCast"
			{
				"Key"		"R"
				"Mode"		"-1"
			}
			"AbilityPrimary1AutoCastAlternate2"
			{
				"Key"		"q"
				"Modifier"		"ALT"
				"ChannelCancel"		"ALT"
				"Mode"		"-1"
			}
			"AbilityPrimary2AutoCastAlternate2"
			{
				"Key"		"w"
				"Modifier"		"ALT"
				"ChannelCancel"		"ALT"
				"Mode"		"-1"
			}
			"AbilityPrimary3AutoCastAlternate2"
			{
				"Mode"		"-1"
			}
			"AbilitySecondary1AutoCastAlternate2"
			{
				"Key"		"d"
				"Modifier"		"ALT"
				"ChannelCancel"		"ALT"
				"Mode"		"-1"
			}
			"AbilitySecondary2AutoCastAlternate2"
			{
				"Key"		"f"
				"Modifier"		"ALT"
				"ChannelCancel"		"ALT"
				"Mode"		"-1"
			}
			"AbilityUltimateAutoCastAlternate2"
			{
				"Key"		"r"
				"Modifier"		"ALT"
				"ChannelCancel"		"ALT"
				"Mode"		"-1"
			}
			"AbilityPrimary1AutoCast"
			{
				"Mode"		"0"
			}
			"AbilityPrimary2AutoCast"
			{
				"Mode"		"0"
			}
			"AbilityPrimary3AutoCast"
			{
				"Key"		"e"
				"Modifier"		"ALT"
				"Mode"		"0"
				"ChannelCancel"		"ALT"
			}
			"AbilitySecondary1AutoCast"
			{
				"Mode"		"0"
			}
			"AbilitySecondary2AutoCast"
			{
				"Mode"		"0"
			}
			"AbilityUltimateAutoCast"
			{
				"Mode"		"0"
			}
			"AbilityPrimary3"
			{
				"Key"		"E"
				"Mode"		"-1"
			}
		}
		"npc_dota_hero_brewmaster"
		{
			"AbilityPrimary1"
			{
				"Mode"		"0"
			}
			"AbilitySecondary1"
			{
				"Mode"		"0"
			}
			"AbilitySecondary2"
			{
				"Mode"		"0"
			}
			"TalentUpgradeStatLeft"
			{
				"Key"		"1"
				"Mode"		"-1"
			}
			"TalentUpgradeStatRight"
			{
				"Key"		"2"
				"Mode"		"-1"
			}
			"TalentUpgradeAttribute"
			{
				"Key"		"3"
				"Mode"		"-1"
			}
			"AbilityPrimary1QuickCast"
			{
				"Key"		"Q"
				"Mode"		"-1"
			}
			"AbilityPrimary2QuickCast"
			{
				"Mode"		"-1"
			}
			"AbilityPrimary3QuickCast"
			{
				"Key"		"E"
				"Mode"		"-1"
			}
			"AbilitySecondary1QuickCast"
			{
				"Key"		"D"
				"Mode"		"-1"
			}
			"AbilitySecondary2QuickCast"
			{
				"Key"		"F"
				"Mode"		"-1"
			}
			"AbilityUltimateQuickCast"
			{
				"Key"		"R"
				"Mode"		"-1"
			}
			"AbilityPrimary1AutoCastAlternate2"
			{
				"Key"		"q"
				"Modifier"		"ALT"
				"ChannelCancel"		"ALT"
				"Mode"		"-1"
			}
			"AbilityPrimary2AutoCastAlternate2"
			{
				"Mode"		"-1"
			}
			"AbilityPrimary3AutoCastAlternate2"
			{
				"Key"		"e"
				"Modifier"		"ALT"
				"ChannelCancel"		"ALT"
				"Mode"		"-1"
			}
			"AbilitySecondary1AutoCastAlternate2"
			{
				"Key"		"d"
				"Modifier"		"ALT"
				"ChannelCancel"		"ALT"
				"Mode"		"-1"
			}
			"AbilitySecondary2AutoCastAlternate2"
			{
				"Key"		"f"
				"Modifier"		"ALT"
				"ChannelCancel"		"ALT"
				"Mode"		"-1"
			}
			"AbilityUltimateAutoCastAlternate2"
			{
				"Key"		"r"
				"Modifier"		"ALT"
				"ChannelCancel"		"ALT"
				"Mode"		"-1"
			}
			"AbilityPrimary1AutoCast"
			{
				"Mode"		"0"
			}
			"AbilityPrimary2AutoCast"
			{
				"Key"		"w"
				"Modifier"		"ALT"
				"Mode"		"0"
				"ChannelCancel"		"ALT"
			}
			"AbilityPrimary3AutoCast"
			{
				"Mode"		"0"
			}
			"AbilitySecondary1AutoCast"
			{
				"Mode"		"0"
			}
			"AbilitySecondary2AutoCast"
			{
				"Mode"		"0"
			}
			"AbilityUltimateAutoCast"
			{
				"Mode"		"0"
			}
			"AbilityPrimary2"
			{
				"Key"		"W"
				"Mode"		"-1"
			}
		}
		"npc_dota_hero_witch_doctor"
		{
			"AbilityPrimary1"
			{
				"Mode"		"0"
			}
			"AbilitySecondary1"
			{
				"Mode"		"0"
			}
			"AbilitySecondary2"
			{
				"Mode"		"0"
			}
			"TalentUpgradeStatLeft"
			{
				"Key"		"1"
				"Mode"		"-1"
			}
			"TalentUpgradeStatRight"
			{
				"Key"		"2"
				"Mode"		"-1"
			}
			"TalentUpgradeAttribute"
			{
				"Key"		"3"
				"Mode"		"-1"
			}
			"AbilityPrimary1QuickCast"
			{
				"Key"		"Q"
				"Mode"		"-1"
			}
			"AbilityPrimary2QuickCast"
			{
				"Key"		"W"
				"Mode"		"-1"
			}
			"AbilityPrimary3QuickCast"
			{
				"Mode"		"-1"
			}
			"AbilitySecondary1QuickCast"
			{
				"Key"		"D"
				"Mode"		"-1"
			}
			"AbilitySecondary2QuickCast"
			{
				"Key"		"F"
				"Mode"		"-1"
			}
			"AbilityUltimateQuickCast"
			{
				"Key"		"R"
				"Mode"		"-1"
			}
			"AbilityPrimary1AutoCastAlternate2"
			{
				"Key"		"q"
				"Modifier"		"ALT"
				"ChannelCancel"		"ALT"
				"Mode"		"-1"
			}
			"AbilityPrimary2AutoCastAlternate2"
			{
				"Key"		"w"
				"Modifier"		"ALT"
				"ChannelCancel"		"ALT"
				"Mode"		"-1"
			}
			"AbilityPrimary3AutoCastAlternate2"
			{
				"Mode"		"-1"
			}
			"AbilitySecondary1AutoCastAlternate2"
			{
				"Key"		"d"
				"Modifier"		"ALT"
				"ChannelCancel"		"ALT"
				"Mode"		"-1"
			}
			"AbilitySecondary2AutoCastAlternate2"
			{
				"Key"		"f"
				"Modifier"		"ALT"
				"ChannelCancel"		"ALT"
				"Mode"		"-1"
			}
			"AbilityUltimateAutoCastAlternate2"
			{
				"Key"		"r"
				"Modifier"		"ALT"
				"ChannelCancel"		"ALT"
				"Mode"		"-1"
			}
			"AbilityPrimary1AutoCast"
			{
				"Mode"		"0"
			}
			"AbilityPrimary2AutoCast"
			{
				"Mode"		"0"
			}
			"AbilityPrimary3AutoCast"
			{
				"Key"		"e"
				"Modifier"		"ALT"
				"Mode"		"0"
				"ChannelCancel"		"ALT"
			}
			"AbilitySecondary1AutoCast"
			{
				"Mode"		"0"
			}
			"AbilitySecondary2AutoCast"
			{
				"Mode"		"0"
			}
			"AbilityUltimateAutoCast"
			{
				"Mode"		"0"
			}
			"AbilityPrimary3"
			{
				"Key"		"E"
				"Mode"		"-1"
			}
		}
		"npc_dota_hero_ringmaster"
		{
			"AbilityPrimary1"
			{
				"Mode"		"0"
				"Key"		"Q"
			}
			"AbilitySecondary1"
			{
				"Mode"		"0"
			}
			"AbilitySecondary2"
			{
				"Mode"		"0"
				"Key"		"F"
			}
			"TalentUpgradeStatLeft"
			{
				"Key"		"1"
				"Mode"		"-1"
			}
			"TalentUpgradeStatRight"
			{
				"Key"		"2"
				"Mode"		"-1"
			}
			"TalentUpgradeAttribute"
			{
				"Key"		"3"
				"Mode"		"-1"
			}
			"AbilityPrimary1QuickCast"
			{
				"Mode"		"-1"
			}
			"AbilityPrimary2QuickCast"
			{
				"Key"		"W"
				"Mode"		"-1"
			}
			"AbilityPrimary3QuickCast"
			{
				"Mode"		"-1"
			}
			"AbilitySecondary1QuickCast"
			{
				"Key"		"D"
				"Mode"		"-1"
			}
			"AbilitySecondary2QuickCast"
			{
				"Mode"		"-1"
			}
			"AbilityUltimateQuickCast"
			{
				"Mode"		"-1"
			}
			"AbilityPrimary1AutoCastAlternate2"
			{
				"Mode"		"-1"
			}
			"AbilityPrimary2AutoCastAlternate2"
			{
				"Key"		"w"
				"Modifier"		"ALT"
				"ChannelCancel"		"ALT"
				"Mode"		"-1"
			}
			"AbilityPrimary3AutoCastAlternate2"
			{
				"Mode"		"-1"
			}
			"AbilitySecondary1AutoCastAlternate2"
			{
				"Key"		"d"
				"Modifier"		"ALT"
				"ChannelCancel"		"ALT"
				"Mode"		"-1"
			}
			"AbilitySecondary2AutoCastAlternate2"
			{
				"Mode"		"-1"
			}
			"AbilityUltimateAutoCastAlternate2"
			{
				"Mode"		"-1"
			}
			"AbilityPrimary1AutoCast"
			{
				"Mode"		"0"
				"Key"		"q"
				"Modifier"		"ALT"
				"ChannelCancel"		"ALT"
			}
			"AbilityPrimary2AutoCast"
			{
				"Mode"		"0"
			}
			"AbilityPrimary3AutoCast"
			{
				"Mode"		"0"
				"Key"		"e"
				"Modifier"		"ALT"
				"ChannelCancel"		"ALT"
			}
			"AbilitySecondary1AutoCast"
			{
				"Mode"		"0"
			}
			"AbilitySecondary2AutoCast"
			{
				"Mode"		"0"
				"Key"		"f"
				"Modifier"		"ALT"
				"ChannelCancel"		"ALT"
			}
			"AbilityUltimateAutoCast"
			{
				"Mode"		"0"
				"Key"		"r"
				"Modifier"		"ALT"
				"ChannelCancel"		"ALT"
			}
			"AbilityUltimate"
			{
				"Key"		"R"
				"Mode"		"-1"
			}
			"AbilityPrimary3"
			{
				"Key"		"E"
				"Mode"		"-1"
			}
		}
		"npc_dota_hero_queenofpain"
		{
			"AbilityPrimary1"
			{
				"Mode"		"0"
				"Key"		"F"
			}
			"AbilitySecondary1"
			{
				"Mode"		"0"
			}
			"AbilitySecondary2"
			{
				"Mode"		"0"
			}
			"TalentUpgradeStatLeft"
			{
				"Key"		"1"
				"Mode"		"-1"
			}
			"TalentUpgradeStatRight"
			{
				"Key"		"2"
				"Mode"		"-1"
			}
			"TalentUpgradeAttribute"
			{
				"Key"		"3"
				"Mode"		"-1"
			}
			"AbilityPrimary1QuickCast"
			{
				"Key"		"Q"
				"Mode"		"-1"
			}
			"AbilityPrimary2QuickCast"
			{
				"Key"		"W"
				"Mode"		"-1"
			}
			"AbilityPrimary3QuickCast"
			{
				"Key"		"E"
				"Mode"		"-1"
			}
			"AbilitySecondary1QuickCast"
			{
				"Mode"		"-1"
			}
			"AbilitySecondary2QuickCast"
			{
				"Mode"		"-1"
			}
			"AbilityUltimateQuickCast"
			{
				"Mode"		"-1"
			}
			"AbilityPrimary1AutoCastAlternate2"
			{
				"Key"		"q"
				"Modifier"		"ALT"
				"ChannelCancel"		"ALT"
				"Mode"		"-1"
			}
			"AbilityPrimary2AutoCastAlternate2"
			{
				"Key"		"w"
				"Modifier"		"ALT"
				"ChannelCancel"		"ALT"
				"Mode"		"-1"
			}
			"AbilityPrimary3AutoCastAlternate2"
			{
				"Key"		"e"
				"Modifier"		"ALT"
				"ChannelCancel"		"ALT"
				"Mode"		"-1"
			}
			"AbilitySecondary1AutoCastAlternate2"
			{
				"Mode"		"-1"
			}
			"AbilitySecondary2AutoCastAlternate2"
			{
				"Mode"		"-1"
			}
			"AbilityUltimateAutoCastAlternate2"
			{
				"Mode"		"-1"
			}
			"AbilityPrimary1AutoCast"
			{
				"Mode"		"0"
				"Key"		"f"
				"Modifier"		"ALT"
				"ChannelCancel"		"ALT"
			}
			"AbilityPrimary2AutoCast"
			{
				"Mode"		"0"
			}
			"AbilityPrimary3AutoCast"
			{
				"Mode"		"0"
			}
			"AbilitySecondary1AutoCast"
			{
				"Mode"		"0"
			}
			"AbilitySecondary2AutoCast"
			{
				"Mode"		"0"
			}
			"AbilityUltimateAutoCast"
			{
				"Key"		"r"
				"Modifier"		"ALT"
				"Mode"		"0"
				"ChannelCancel"		"ALT"
			}
			"AbilityUltimate"
			{
				"Key"		"R"
				"Mode"		"-1"
			}
		}
		"npc_dota_hero_tinker"
		{
			"AbilityPrimary1"
			{
				"Mode"		"0"
			}
			"AbilitySecondary1"
			{
				"Mode"		"0"
			}
			"AbilitySecondary2"
			{
				"Key"		"F"
				"Mode"		"0"
			}
			"TalentUpgradeStatLeft"
			{
				"Key"		"1"
				"Mode"		"-1"
			}
			"TalentUpgradeStatRight"
			{
				"Key"		"2"
				"Mode"		"-1"
			}
			"TalentUpgradeAttribute"
			{
				"Key"		"3"
				"Mode"		"-1"
			}
			"AbilityPrimary1QuickCast"
			{
				"Key"		"Q"
				"Mode"		"-1"
			}
			"AbilityPrimary2QuickCast"
			{
				"Key"		"W"
				"Mode"		"-1"
			}
			"AbilityPrimary3QuickCast"
			{
				"Key"		"E"
				"Mode"		"-1"
			}
			"AbilitySecondary1QuickCast"
			{
				"Key"		"D"
				"Mode"		"-1"
			}
			"AbilitySecondary2QuickCast"
			{
				"Mode"		"-1"
			}
			"AbilityUltimateQuickCast"
			{
				"Key"		"R"
				"Mode"		"-1"
			}
			"AbilityPrimary1AutoCastAlternate2"
			{
				"Key"		"q"
				"Modifier"		"ALT"
				"ChannelCancel"		"ALT"
				"Mode"		"-1"
			}
			"AbilityPrimary2AutoCastAlternate2"
			{
				"Key"		"w"
				"Modifier"		"ALT"
				"ChannelCancel"		"ALT"
				"Mode"		"-1"
			}
			"AbilityPrimary3AutoCastAlternate2"
			{
				"Key"		"e"
				"Modifier"		"ALT"
				"ChannelCancel"		"ALT"
				"Mode"		"-1"
			}
			"AbilitySecondary1AutoCastAlternate2"
			{
				"Key"		"d"
				"Modifier"		"ALT"
				"ChannelCancel"		"ALT"
				"Mode"		"-1"
			}
			"AbilitySecondary2AutoCastAlternate2"
			{
				"Mode"		"-1"
			}
			"AbilityUltimateAutoCastAlternate2"
			{
				"Key"		"r"
				"Modifier"		"ALT"
				"ChannelCancel"		"ALT"
				"Mode"		"-1"
			}
			"AbilityPrimary1AutoCast"
			{
				"Mode"		"0"
			}
			"AbilityPrimary2AutoCast"
			{
				"Mode"		"0"
			}
			"AbilityPrimary3AutoCast"
			{
				"Mode"		"0"
			}
			"AbilitySecondary1AutoCast"
			{
				"Mode"		"0"
			}
			"AbilitySecondary2AutoCast"
			{
				"Key"		"f"
				"Modifier"		"ALT"
				"Mode"		"0"
				"ChannelCancel"		"ALT"
			}
			"AbilityUltimateAutoCast"
			{
				"Mode"		"0"
			}
			"AbilityPrimary2"
			{
				"Mode"		"-1"
			}
		}
		"npc_dota_hero_medusa"
		{
			"AbilityPrimary1"
			{
				"Mode"		"0"
			}
			"AbilitySecondary1"
			{
				"Mode"		"0"
			}
			"AbilitySecondary2"
			{
				"Mode"		"0"
			}
			"TalentUpgradeStatLeft"
			{
				"Key"		"1"
				"Mode"		"-1"
			}
			"TalentUpgradeStatRight"
			{
				"Key"		"2"
				"Mode"		"-1"
			}
			"TalentUpgradeAttribute"
			{
				"Key"		"3"
				"Mode"		"-1"
			}
			"AbilityPrimary1QuickCast"
			{
				"Key"		"Q"
				"Mode"		"-1"
			}
			"AbilityPrimary2QuickCast"
			{
				"Key"		"W"
				"Mode"		"-1"
			}
			"AbilityPrimary3QuickCast"
			{
				"Mode"		"-1"
			}
			"AbilitySecondary1QuickCast"
			{
				"Key"		"D"
				"Mode"		"-1"
			}
			"AbilitySecondary2QuickCast"
			{
				"Key"		"F"
				"Mode"		"-1"
			}
			"AbilityUltimateQuickCast"
			{
				"Key"		"R"
				"Mode"		"-1"
			}
			"AbilityPrimary1AutoCastAlternate2"
			{
				"Key"		"q"
				"Modifier"		"ALT"
				"ChannelCancel"		"ALT"
				"Mode"		"-1"
			}
			"AbilityPrimary2AutoCastAlternate2"
			{
				"Key"		"w"
				"Modifier"		"ALT"
				"ChannelCancel"		"ALT"
				"Mode"		"-1"
			}
			"AbilityPrimary3AutoCastAlternate2"
			{
				"Mode"		"-1"
			}
			"AbilitySecondary1AutoCastAlternate2"
			{
				"Key"		"d"
				"Modifier"		"ALT"
				"ChannelCancel"		"ALT"
				"Mode"		"-1"
			}
			"AbilitySecondary2AutoCastAlternate2"
			{
				"Key"		"f"
				"Modifier"		"ALT"
				"ChannelCancel"		"ALT"
				"Mode"		"-1"
			}
			"AbilityUltimateAutoCastAlternate2"
			{
				"Key"		"r"
				"Modifier"		"ALT"
				"ChannelCancel"		"ALT"
				"Mode"		"-1"
			}
			"AbilityPrimary1AutoCast"
			{
				"Mode"		"0"
			}
			"AbilityPrimary2AutoCast"
			{
				"Mode"		"0"
			}
			"AbilityPrimary3AutoCast"
			{
				"Key"		"e"
				"Modifier"		"ALT"
				"Mode"		"0"
				"ChannelCancel"		"ALT"
			}
			"AbilitySecondary1AutoCast"
			{
				"Mode"		"0"
			}
			"AbilitySecondary2AutoCast"
			{
				"Mode"		"0"
			}
			"AbilityUltimateAutoCast"
			{
				"Mode"		"0"
			}
			"AbilityPrimary3"
			{
				"Key"		"E"
				"Mode"		"-1"
			}
		}
		"npc_dota_hero_troll_warlord"
		{
			"AbilityPrimary1"
			{
				"Mode"		"0"
			}
			"AbilitySecondary1"
			{
				"Mode"		"0"
			}
			"AbilitySecondary2"
			{
				"Mode"		"0"
			}
			"TalentUpgradeStatLeft"
			{
				"Key"		"1"
				"Mode"		"-1"
			}
			"TalentUpgradeStatRight"
			{
				"Key"		"2"
				"Mode"		"-1"
			}
			"TalentUpgradeAttribute"
			{
				"Key"		"3"
				"Mode"		"-1"
			}
			"AbilityPrimary1QuickCast"
			{
				"Key"		"Q"
				"Mode"		"-1"
			}
			"AbilityPrimary2QuickCast"
			{
				"Mode"		"-1"
			}
			"AbilityPrimary3QuickCast"
			{
				"Key"		"E"
				"Mode"		"-1"
			}
			"AbilitySecondary1QuickCast"
			{
				"Key"		"D"
				"Mode"		"-1"
			}
			"AbilitySecondary2QuickCast"
			{
				"Key"		"F"
				"Mode"		"-1"
			}
			"AbilityUltimateQuickCast"
			{
				"Key"		"R"
				"Mode"		"-1"
			}
			"AbilityPrimary1AutoCastAlternate2"
			{
				"Key"		"q"
				"Modifier"		"ALT"
				"ChannelCancel"		"ALT"
				"Mode"		"-1"
			}
			"AbilityPrimary2AutoCastAlternate2"
			{
				"Mode"		"-1"
			}
			"AbilityPrimary3AutoCastAlternate2"
			{
				"Key"		"e"
				"Modifier"		"ALT"
				"ChannelCancel"		"ALT"
				"Mode"		"-1"
			}
			"AbilitySecondary1AutoCastAlternate2"
			{
				"Key"		"d"
				"Modifier"		"ALT"
				"ChannelCancel"		"ALT"
				"Mode"		"-1"
			}
			"AbilitySecondary2AutoCastAlternate2"
			{
				"Key"		"f"
				"Modifier"		"ALT"
				"ChannelCancel"		"ALT"
				"Mode"		"-1"
			}
			"AbilityUltimateAutoCastAlternate2"
			{
				"Key"		"r"
				"Modifier"		"ALT"
				"ChannelCancel"		"ALT"
				"Mode"		"-1"
			}
			"AbilityPrimary1AutoCast"
			{
				"Mode"		"0"
			}
			"AbilityPrimary2AutoCast"
			{
				"Key"		"w"
				"Modifier"		"ALT"
				"Mode"		"0"
				"ChannelCancel"		"ALT"
			}
			"AbilityPrimary3AutoCast"
			{
				"Mode"		"0"
			}
			"AbilitySecondary1AutoCast"
			{
				"Mode"		"0"
			}
			"AbilitySecondary2AutoCast"
			{
				"Mode"		"0"
			}
			"AbilityUltimateAutoCast"
			{
				"Mode"		"0"
			}
			"AbilityPrimary2"
			{
				"Key"		"W"
				"Mode"		"-1"
			}
		}
		"npc_dota_hero_luna"
		{
			"AbilityPrimary1"
			{
				"Mode"		"0"
			}
			"AbilitySecondary1"
			{
				"Mode"		"0"
			}
			"AbilitySecondary2"
			{
				"Mode"		"0"
			}
			"TalentUpgradeStatLeft"
			{
				"Key"		"1"
				"Mode"		"-1"
			}
			"TalentUpgradeStatRight"
			{
				"Key"		"2"
				"Mode"		"-1"
			}
			"TalentUpgradeAttribute"
			{
				"Key"		"3"
				"Mode"		"-1"
			}
			"AbilityPrimary1QuickCast"
			{
				"Key"		"Q"
				"Mode"		"-1"
			}
			"AbilityPrimary2QuickCast"
			{
				"Key"		"W"
				"Mode"		"-1"
			}
			"AbilityPrimary3QuickCast"
			{
				"Key"		"E"
				"Mode"		"-1"
			}
			"AbilitySecondary1QuickCast"
			{
				"Key"		"D"
				"Mode"		"-1"
			}
			"AbilitySecondary2QuickCast"
			{
				"Key"		"F"
				"Mode"		"-1"
			}
			"AbilityUltimateQuickCast"
			{
				"Mode"		"-1"
			}
			"AbilityPrimary1AutoCastAlternate2"
			{
				"Key"		"q"
				"Modifier"		"ALT"
				"ChannelCancel"		"ALT"
				"Mode"		"-1"
			}
			"AbilityPrimary2AutoCastAlternate2"
			{
				"Key"		"w"
				"Modifier"		"ALT"
				"ChannelCancel"		"ALT"
				"Mode"		"-1"
			}
			"AbilityPrimary3AutoCastAlternate2"
			{
				"Key"		"e"
				"Modifier"		"ALT"
				"ChannelCancel"		"ALT"
				"Mode"		"-1"
			}
			"AbilitySecondary1AutoCastAlternate2"
			{
				"Key"		"d"
				"Modifier"		"ALT"
				"ChannelCancel"		"ALT"
				"Mode"		"-1"
			}
			"AbilitySecondary2AutoCastAlternate2"
			{
				"Key"		"f"
				"Modifier"		"ALT"
				"ChannelCancel"		"ALT"
				"Mode"		"-1"
			}
			"AbilityUltimateAutoCastAlternate2"
			{
				"Mode"		"-1"
			}
			"AbilityPrimary1AutoCast"
			{
				"Mode"		"0"
			}
			"AbilityPrimary2AutoCast"
			{
				"Mode"		"0"
			}
			"AbilityPrimary3AutoCast"
			{
				"Mode"		"0"
			}
			"AbilitySecondary1AutoCast"
			{
				"Mode"		"0"
			}
			"AbilitySecondary2AutoCast"
			{
				"Mode"		"0"
			}
			"AbilityUltimateAutoCast"
			{
				"Key"		"r"
				"Modifier"		"ALT"
				"Mode"		"0"
				"ChannelCancel"		"ALT"
			}
			"AbilityUltimate"
			{
				"Key"		"R"
				"Mode"		"-1"
			}
		}
		"npc_dota_hero_life_stealer"
		{
			"AbilityPrimary1"
			{
				"Mode"		"0"
			}
			"AbilitySecondary1"
			{
				"Mode"		"0"
			}
			"AbilitySecondary2"
			{
				"Mode"		"0"
			}
			"TalentUpgradeStatLeft"
			{
				"Key"		"1"
				"Mode"		"-1"
			}
			"TalentUpgradeStatRight"
			{
				"Key"		"2"
				"Mode"		"-1"
			}
			"TalentUpgradeAttribute"
			{
				"Key"		"3"
				"Mode"		"-1"
			}
			"AbilityPrimary1QuickCast"
			{
				"Key"		"Q"
				"Mode"		"-1"
			}
			"AbilityPrimary2QuickCast"
			{
				"Key"		"W"
				"Mode"		"-1"
			}
			"AbilityPrimary3QuickCast"
			{
				"Key"		"E"
				"Mode"		"-1"
			}
			"AbilitySecondary1QuickCast"
			{
				"Key"		"D"
				"Mode"		"-1"
			}
			"AbilitySecondary2QuickCast"
			{
				"Key"		"F"
				"Mode"		"-1"
			}
			"AbilityUltimateQuickCast"
			{
				"Mode"		"-1"
			}
			"AbilityPrimary1AutoCastAlternate2"
			{
				"Key"		"q"
				"Modifier"		"ALT"
				"ChannelCancel"		"ALT"
				"Mode"		"-1"
			}
			"AbilityPrimary2AutoCastAlternate2"
			{
				"Key"		"w"
				"Modifier"		"ALT"
				"ChannelCancel"		"ALT"
				"Mode"		"-1"
			}
			"AbilityPrimary3AutoCastAlternate2"
			{
				"Key"		"e"
				"Modifier"		"ALT"
				"ChannelCancel"		"ALT"
				"Mode"		"-1"
			}
			"AbilitySecondary1AutoCastAlternate2"
			{
				"Key"		"d"
				"Modifier"		"ALT"
				"ChannelCancel"		"ALT"
				"Mode"		"-1"
			}
			"AbilitySecondary2AutoCastAlternate2"
			{
				"Key"		"f"
				"Modifier"		"ALT"
				"ChannelCancel"		"ALT"
				"Mode"		"-1"
			}
			"AbilityUltimateAutoCastAlternate2"
			{
				"Mode"		"-1"
			}
			"AbilityPrimary1AutoCast"
			{
				"Mode"		"0"
			}
			"AbilityPrimary2AutoCast"
			{
				"Mode"		"0"
			}
			"AbilityPrimary3AutoCast"
			{
				"Mode"		"0"
			}
			"AbilitySecondary1AutoCast"
			{
				"Mode"		"0"
			}
			"AbilitySecondary2AutoCast"
			{
				"Mode"		"0"
			}
			"AbilityUltimateAutoCast"
			{
				"Key"		"r"
				"Modifier"		"ALT"
				"Mode"		"0"
				"ChannelCancel"		"ALT"
			}
			"AbilityUltimate"
			{
				"Key"		"R"
				"Mode"		"-1"
			}
		}
		"npc_dota_hero_treant"
		{
			"AbilityPrimary1"
			{
				"Key"		"Q"
				"Mode"		"0"
			}
			"AbilitySecondary1"
			{
				"Mode"		"0"
			}
			"AbilitySecondary2"
			{
				"Mode"		"0"
			}
			"TalentUpgradeStatLeft"
			{
				"Key"		"1"
				"Mode"		"-1"
			}
			"TalentUpgradeStatRight"
			{
				"Key"		"2"
				"Mode"		"-1"
			}
			"TalentUpgradeAttribute"
			{
				"Key"		"3"
				"Mode"		"-1"
			}
			"AbilityPrimary1QuickCast"
			{
				"Mode"		"-1"
			}
			"AbilityPrimary2QuickCast"
			{
				"Key"		"W"
				"Mode"		"-1"
			}
			"AbilityPrimary3QuickCast"
			{
				"Key"		"E"
				"Mode"		"-1"
			}
			"AbilitySecondary1QuickCast"
			{
				"Key"		"D"
				"Mode"		"-1"
			}
			"AbilitySecondary2QuickCast"
			{
				"Mode"		"-1"
			}
			"AbilityUltimateQuickCast"
			{
				"Key"		"R"
				"Mode"		"-1"
			}
			"AbilityPrimary1AutoCastAlternate2"
			{
				"Mode"		"-1"
			}
			"AbilityPrimary2AutoCastAlternate2"
			{
				"Key"		"w"
				"Modifier"		"ALT"
				"ChannelCancel"		"ALT"
				"Mode"		"-1"
			}
			"AbilityPrimary3AutoCastAlternate2"
			{
				"Key"		"e"
				"Modifier"		"ALT"
				"ChannelCancel"		"ALT"
				"Mode"		"-1"
			}
			"AbilitySecondary1AutoCastAlternate2"
			{
				"Key"		"d"
				"Modifier"		"ALT"
				"ChannelCancel"		"ALT"
				"Mode"		"-1"
			}
			"AbilitySecondary2AutoCastAlternate2"
			{
				"Mode"		"-1"
			}
			"AbilityUltimateAutoCastAlternate2"
			{
				"Key"		"r"
				"Modifier"		"ALT"
				"ChannelCancel"		"ALT"
				"Mode"		"-1"
			}
			"AbilityPrimary1AutoCast"
			{
				"Key"		"q"
				"Modifier"		"ALT"
				"Mode"		"0"
				"ChannelCancel"		"ALT"
			}
			"AbilityPrimary2AutoCast"
			{
				"Mode"		"0"
			}
			"AbilityPrimary3AutoCast"
			{
				"Mode"		"0"
				"Key"		"f"
				"Modifier"		"ALT"
				"ChannelCancel"		"ALT"
			}
			"AbilitySecondary1AutoCast"
			{
				"Mode"		"0"
			}
			"AbilitySecondary2AutoCast"
			{
				"Mode"		"0"
			}
			"AbilityUltimateAutoCast"
			{
				"Mode"		"0"
			}
			"AbilityPrimary3"
			{
				"Key"		"F"
				"Mode"		"-1"
			}
		}
		"npc_dota_hero_lich"
		{
			"AbilityPrimary1"
			{
				"Mode"		"0"
			}
			"AbilitySecondary1"
			{
				"Mode"		"0"
			}
			"AbilitySecondary2"
			{
				"Mode"		"0"
			}
			"TalentUpgradeStatLeft"
			{
				"Key"		"1"
				"Mode"		"-1"
			}
			"TalentUpgradeStatRight"
			{
				"Key"		"2"
				"Mode"		"-1"
			}
			"TalentUpgradeAttribute"
			{
				"Key"		"3"
				"Mode"		"-1"
			}
			"AbilityPrimary1QuickCast"
			{
				"Key"		"Q"
				"Mode"		"-1"
			}
			"AbilityPrimary2QuickCast"
			{
				"Key"		"W"
				"Mode"		"-1"
			}
			"AbilityPrimary3QuickCast"
			{
				"Key"		"E"
				"Mode"		"-1"
			}
			"AbilitySecondary1QuickCast"
			{
				"Key"		"D"
				"Mode"		"-1"
			}
			"AbilitySecondary2QuickCast"
			{
				"Key"		"F"
				"Mode"		"-1"
			}
			"AbilityUltimateQuickCast"
			{
				"Key"		"R"
				"Mode"		"-1"
			}
			"AbilityPrimary1AutoCastAlternate2"
			{
				"Key"		"q"
				"Modifier"		"ALT"
				"ChannelCancel"		"ALT"
				"Mode"		"-1"
			}
			"AbilityPrimary2AutoCastAlternate2"
			{
				"Key"		"w"
				"Modifier"		"ALT"
				"ChannelCancel"		"ALT"
				"Mode"		"-1"
			}
			"AbilityPrimary3AutoCastAlternate2"
			{
				"Key"		"e"
				"Modifier"		"ALT"
				"ChannelCancel"		"ALT"
				"Mode"		"-1"
			}
			"AbilitySecondary1AutoCastAlternate2"
			{
				"Key"		"d"
				"Modifier"		"ALT"
				"ChannelCancel"		"ALT"
				"Mode"		"-1"
			}
			"AbilitySecondary2AutoCastAlternate2"
			{
				"Key"		"f"
				"Modifier"		"ALT"
				"ChannelCancel"		"ALT"
				"Mode"		"-1"
			}
			"AbilityUltimateAutoCastAlternate2"
			{
				"Key"		"r"
				"Modifier"		"ALT"
				"ChannelCancel"		"ALT"
				"Mode"		"-1"
			}
			"AbilityPrimary1AutoCast"
			{
				"Mode"		"0"
			}
			"AbilityPrimary2AutoCast"
			{
				"Mode"		"0"
			}
			"AbilityPrimary3AutoCast"
			{
				"Mode"		"0"
			}
			"AbilitySecondary1AutoCast"
			{
				"Mode"		"0"
			}
			"AbilitySecondary2AutoCast"
			{
				"Mode"		"0"
			}
			"AbilityUltimateAutoCast"
			{
				"Mode"		"0"
			}
		}
		"npc_dota_hero_antimage"
		{
			"AbilityPrimary1"
			{
				"Mode"		"0"
			}
			"AbilitySecondary1"
			{
				"Mode"		"0"
			}
			"AbilitySecondary2"
			{
				"Mode"		"0"
			}
			"TalentUpgradeStatLeft"
			{
				"Key"		"1"
				"Mode"		"-1"
			}
			"TalentUpgradeStatRight"
			{
				"Key"		"2"
				"Mode"		"-1"
			}
			"TalentUpgradeAttribute"
			{
				"Key"		"3"
				"Mode"		"-1"
			}
			"AbilityPrimary1QuickCast"
			{
				"Key"		"Q"
				"Mode"		"-1"
			}
			"AbilityPrimary2QuickCast"
			{
				"Key"		"W"
				"Mode"		"1"
			}
			"AbilityPrimary3QuickCast"
			{
				"Key"		"E"
				"Mode"		"-1"
			}
			"AbilitySecondary1QuickCast"
			{
				"Key"		"D"
				"Mode"		"-1"
			}
			"AbilitySecondary2QuickCast"
			{
				"Key"		"F"
				"Mode"		"-1"
			}
			"AbilityUltimateQuickCast"
			{
				"Key"		"R"
				"Mode"		"-1"
			}
			"AbilityPrimary1AutoCastAlternate2"
			{
				"Key"		"q"
				"Modifier"		"ALT"
				"ChannelCancel"		"ALT"
				"Mode"		"-1"
			}
			"AbilityPrimary2AutoCastAlternate2"
			{
				"Key"		"w"
				"Modifier"		"ALT"
				"Mode"		"0"
				"ChannelCancel"		"ALT"
			}
			"AbilityPrimary3AutoCastAlternate2"
			{
				"Key"		"e"
				"Modifier"		"ALT"
				"ChannelCancel"		"ALT"
				"Mode"		"-1"
			}
			"AbilitySecondary1AutoCastAlternate2"
			{
				"Key"		"d"
				"Modifier"		"ALT"
				"ChannelCancel"		"ALT"
				"Mode"		"-1"
			}
			"AbilitySecondary2AutoCastAlternate2"
			{
				"Key"		"f"
				"Modifier"		"ALT"
				"ChannelCancel"		"ALT"
				"Mode"		"-1"
			}
			"AbilityUltimateAutoCastAlternate2"
			{
				"Key"		"r"
				"Modifier"		"ALT"
				"ChannelCancel"		"ALT"
				"Mode"		"-1"
			}
			"AbilityPrimary1AutoCast"
			{
				"Mode"		"0"
			}
			"AbilityPrimary2AutoCast"
			{
				"Mode"		"0"
			}
			"AbilityPrimary3AutoCast"
			{
				"Mode"		"0"
			}
			"AbilitySecondary1AutoCast"
			{
				"Mode"		"0"
			}
			"AbilitySecondary2AutoCast"
			{
				"Mode"		"0"
			}
			"AbilityUltimateAutoCast"
			{
				"Mode"		"0"
			}
		}
		"npc_dota_hero_wisp"
		{
			"AbilityPrimary1"
			{
				"Mode"		"0"
			}
			"AbilitySecondary1"
			{
				"Mode"		"0"
			}
			"AbilitySecondary2"
			{
				"Mode"		"0"
			}
			"TalentUpgradeStatLeft"
			{
				"Key"		"1"
				"Mode"		"-1"
			}
			"TalentUpgradeStatRight"
			{
				"Key"		"2"
				"Mode"		"-1"
			}
			"TalentUpgradeAttribute"
			{
				"Key"		"3"
				"Mode"		"-1"
			}
			"AbilityPrimary1QuickCast"
			{
				"Key"		"Q"
				"Mode"		"-1"
			}
			"AbilityPrimary2QuickCast"
			{
				"Key"		"W"
				"Mode"		"-1"
			}
			"AbilityPrimary3QuickCast"
			{
				"Key"		"E"
				"Mode"		"-1"
			}
			"AbilitySecondary1QuickCast"
			{
				"Key"		"D"
				"Mode"		"-1"
			}
			"AbilitySecondary2QuickCast"
			{
				"Key"		"F"
				"Mode"		"-1"
			}
			"AbilityUltimateQuickCast"
			{
				"Mode"		"-1"
			}
			"AbilityPrimary1AutoCastAlternate2"
			{
				"Key"		"q"
				"Modifier"		"ALT"
				"ChannelCancel"		"ALT"
				"Mode"		"-1"
			}
			"AbilityPrimary2AutoCastAlternate2"
			{
				"Key"		"w"
				"Modifier"		"ALT"
				"ChannelCancel"		"ALT"
				"Mode"		"-1"
			}
			"AbilityPrimary3AutoCastAlternate2"
			{
				"Key"		"e"
				"Modifier"		"ALT"
				"ChannelCancel"		"ALT"
				"Mode"		"-1"
			}
			"AbilitySecondary1AutoCastAlternate2"
			{
				"Key"		"d"
				"Modifier"		"ALT"
				"ChannelCancel"		"ALT"
				"Mode"		"-1"
			}
			"AbilitySecondary2AutoCastAlternate2"
			{
				"Key"		"f"
				"Modifier"		"ALT"
				"ChannelCancel"		"ALT"
				"Mode"		"-1"
			}
			"AbilityUltimateAutoCastAlternate2"
			{
				"Mode"		"-1"
			}
			"AbilityPrimary1AutoCast"
			{
				"Mode"		"0"
			}
			"AbilityPrimary2AutoCast"
			{
				"Mode"		"0"
			}
			"AbilityPrimary3AutoCast"
			{
				"Mode"		"0"
			}
			"AbilitySecondary1AutoCast"
			{
				"Mode"		"0"
			}
			"AbilitySecondary2AutoCast"
			{
				"Mode"		"0"
			}
			"AbilityUltimateAutoCast"
			{
				"Key"		"r"
				"Modifier"		"ALT"
				"Mode"		"0"
				"ChannelCancel"		"ALT"
			}
			"AbilityUltimate"
			{
				"Key"		"R"
				"Mode"		"-1"
			}
		}
		"npc_dota_hero_omniknight"
		{
			"AbilityPrimary1"
			{
				"Mode"		"0"
				"Key"		"Q"
			}
			"AbilitySecondary1"
			{
				"Mode"		"0"
			}
			"AbilitySecondary2"
			{
				"Mode"		"0"
			}
			"TalentUpgradeStatLeft"
			{
				"Key"		"1"
				"Mode"		"-1"
			}
			"TalentUpgradeStatRight"
			{
				"Key"		"2"
				"Mode"		"-1"
			}
			"TalentUpgradeAttribute"
			{
				"Key"		"3"
				"Mode"		"-1"
			}
			"AbilityPrimary1QuickCast"
			{
				"Mode"		"-1"
			}
			"AbilityPrimary2QuickCast"
			{
				"Key"		"W"
				"Mode"		"-1"
			}
			"AbilityPrimary3QuickCast"
			{
				"Key"		"E"
				"Mode"		"-1"
			}
			"AbilitySecondary1QuickCast"
			{
				"Key"		"D"
				"Mode"		"-1"
			}
			"AbilitySecondary2QuickCast"
			{
				"Key"		"F"
				"Mode"		"-1"
			}
			"AbilityUltimateQuickCast"
			{
				"Mode"		"-1"
			}
			"AbilityPrimary1AutoCastAlternate2"
			{
				"Mode"		"-1"
			}
			"AbilityPrimary2AutoCastAlternate2"
			{
				"Key"		"w"
				"Modifier"		"ALT"
				"ChannelCancel"		"ALT"
				"Mode"		"-1"
			}
			"AbilityPrimary3AutoCastAlternate2"
			{
				"Key"		"e"
				"Modifier"		"ALT"
				"ChannelCancel"		"ALT"
				"Mode"		"-1"
			}
			"AbilitySecondary1AutoCastAlternate2"
			{
				"Key"		"d"
				"Modifier"		"ALT"
				"ChannelCancel"		"ALT"
				"Mode"		"-1"
			}
			"AbilitySecondary2AutoCastAlternate2"
			{
				"Key"		"f"
				"Modifier"		"ALT"
				"ChannelCancel"		"ALT"
				"Mode"		"-1"
			}
			"AbilityUltimateAutoCastAlternate2"
			{
				"Mode"		"-1"
			}
			"AbilityPrimary1AutoCast"
			{
				"Mode"		"0"
				"Key"		"q"
				"Modifier"		"ALT"
				"ChannelCancel"		"ALT"
			}
			"AbilityPrimary2AutoCast"
			{
				"Mode"		"0"
			}
			"AbilityPrimary3AutoCast"
			{
				"Mode"		"0"
			}
			"AbilitySecondary1AutoCast"
			{
				"Mode"		"0"
			}
			"AbilitySecondary2AutoCast"
			{
				"Mode"		"0"
			}
			"AbilityUltimateAutoCast"
			{
				"Key"		"r"
				"Modifier"		"ALT"
				"Mode"		"0"
				"ChannelCancel"		"ALT"
			}
			"AbilityUltimate"
			{
				"Key"		"R"
				"Mode"		"-1"
			}
		}
		"npc_dota_hero_morphling"
		{
			"AbilityPrimary1"
			{
				"Mode"		"0"
			}
			"AbilitySecondary1"
			{
				"Mode"		"0"
			}
			"AbilitySecondary2"
			{
				"Mode"		"0"
			}
			"TalentUpgradeStatLeft"
			{
				"Key"		"1"
				"Mode"		"-1"
			}
			"TalentUpgradeStatRight"
			{
				"Key"		"2"
				"Mode"		"-1"
			}
			"TalentUpgradeAttribute"
			{
				"Key"		"3"
				"Mode"		"-1"
			}
			"AbilityPrimary1QuickCast"
			{
				"Key"		"Q"
				"Mode"		"1"
			}
			"AbilityPrimary2QuickCast"
			{
				"Key"		"W"
				"Mode"		"-1"
			}
			"AbilityPrimary3QuickCast"
			{
				"Key"		"E"
				"Mode"		"-1"
			}
			"AbilitySecondary1QuickCast"
			{
				"Key"		"D"
				"Mode"		"-1"
			}
			"AbilitySecondary2QuickCast"
			{
				"Key"		"F"
				"Mode"		"-1"
			}
			"AbilityUltimateQuickCast"
			{
				"Key"		"R"
				"Mode"		"-1"
			}
			"AbilityPrimary1AutoCastAlternate2"
			{
				"Key"		"q"
				"Modifier"		"ALT"
				"ChannelCancel"		"ALT"
				"Mode"		"-1"
			}
			"AbilityPrimary2AutoCastAlternate2"
			{
				"Key"		"w"
				"Modifier"		"ALT"
				"ChannelCancel"		"ALT"
				"Mode"		"-1"
			}
			"AbilityPrimary3AutoCastAlternate2"
			{
				"Key"		"e"
				"Modifier"		"ALT"
				"ChannelCancel"		"ALT"
				"Mode"		"-1"
			}
			"AbilitySecondary1AutoCastAlternate2"
			{
				"Key"		"d"
				"Modifier"		"ALT"
				"ChannelCancel"		"ALT"
				"Mode"		"-1"
			}
			"AbilitySecondary2AutoCastAlternate2"
			{
				"Key"		"f"
				"Modifier"		"ALT"
				"ChannelCancel"		"ALT"
				"Mode"		"-1"
			}
			"AbilityUltimateAutoCastAlternate2"
			{
				"Key"		"r"
				"Modifier"		"ALT"
				"ChannelCancel"		"ALT"
				"Mode"		"-1"
			}
			"AbilityPrimary1AutoCast"
			{
				"Mode"		"0"
			}
			"AbilityPrimary2AutoCast"
			{
				"Mode"		"0"
			}
			"AbilityPrimary3AutoCast"
			{
				"Mode"		"0"
			}
			"AbilitySecondary1AutoCast"
			{
				"Mode"		"0"
			}
			"AbilitySecondary2AutoCast"
			{
				"Mode"		"0"
			}
			"AbilityUltimateAutoCast"
			{
				"Mode"		"0"
			}
		}
		"npc_dota_hero_phoenix"
		{
			"AbilityPrimary1"
			{
				"Mode"		"0"
			}
			"AbilitySecondary1"
			{
				"Mode"		"0"
			}
			"AbilitySecondary2"
			{
				"Mode"		"0"
			}
			"TalentUpgradeStatLeft"
			{
				"Key"		"1"
				"Mode"		"-1"
			}
			"TalentUpgradeStatRight"
			{
				"Key"		"2"
				"Mode"		"-1"
			}
			"TalentUpgradeAttribute"
			{
				"Key"		"3"
				"Mode"		"-1"
			}
			"AbilityPrimary1QuickCast"
			{
				"Key"		"Q"
				"Mode"		"-1"
			}
			"AbilityPrimary2QuickCast"
			{
				"Key"		"W"
				"Mode"		"-1"
			}
			"AbilityPrimary3QuickCast"
			{
				"Key"		"E"
				"Mode"		"-1"
			}
			"AbilitySecondary1QuickCast"
			{
				"Key"		"D"
				"Mode"		"-1"
			}
			"AbilitySecondary2QuickCast"
			{
				"Key"		"F"
				"Mode"		"-1"
			}
			"AbilityUltimateQuickCast"
			{
				"Mode"		"-1"
			}
			"AbilityPrimary1AutoCastAlternate2"
			{
				"Key"		"q"
				"Modifier"		"ALT"
				"ChannelCancel"		"ALT"
				"Mode"		"-1"
			}
			"AbilityPrimary2AutoCastAlternate2"
			{
				"Key"		"w"
				"Modifier"		"ALT"
				"ChannelCancel"		"ALT"
				"Mode"		"-1"
			}
			"AbilityPrimary3AutoCastAlternate2"
			{
				"Key"		"e"
				"Modifier"		"ALT"
				"ChannelCancel"		"ALT"
				"Mode"		"-1"
			}
			"AbilitySecondary1AutoCastAlternate2"
			{
				"Key"		"d"
				"Modifier"		"ALT"
				"ChannelCancel"		"ALT"
				"Mode"		"-1"
			}
			"AbilitySecondary2AutoCastAlternate2"
			{
				"Key"		"f"
				"Modifier"		"ALT"
				"ChannelCancel"		"ALT"
				"Mode"		"-1"
			}
			"AbilityUltimateAutoCastAlternate2"
			{
				"Mode"		"-1"
			}
			"AbilityPrimary1AutoCast"
			{
				"Mode"		"0"
			}
			"AbilityPrimary2AutoCast"
			{
				"Mode"		"0"
			}
			"AbilityPrimary3AutoCast"
			{
				"Mode"		"0"
			}
			"AbilitySecondary1AutoCast"
			{
				"Mode"		"0"
			}
			"AbilitySecondary2AutoCast"
			{
				"Mode"		"0"
			}
			"AbilityUltimateAutoCast"
			{
				"Key"		"r"
				"Modifier"		"ALT"
				"Mode"		"0"
				"ChannelCancel"		"ALT"
			}
			"AbilityUltimate"
			{
				"Key"		"R"
				"Mode"		"-1"
			}
		}
		"npc_dota_hero_pudge"
		{
			"AbilityPrimary1"
			{
				"Key"		"Q"
				"Mode"		"0"
			}
			"AbilitySecondary1"
			{
				"Mode"		"0"
			}
			"AbilitySecondary2"
			{
				"Mode"		"0"
			}
			"TalentUpgradeStatLeft"
			{
				"Key"		"1"
				"Mode"		"-1"
			}
			"TalentUpgradeStatRight"
			{
				"Key"		"2"
				"Mode"		"-1"
			}
			"TalentUpgradeAttribute"
			{
				"Key"		"3"
				"Mode"		"-1"
			}
			"AbilityPrimary1QuickCast"
			{
				"Mode"		"-1"
			}
			"AbilityPrimary2QuickCast"
			{
				"Key"		"W"
				"Mode"		"-1"
			}
			"AbilityPrimary3QuickCast"
			{
				"Key"		"E"
				"Mode"		"-1"
			}
			"AbilitySecondary1QuickCast"
			{
				"Key"		"D"
				"Mode"		"-1"
			}
			"AbilitySecondary2QuickCast"
			{
				"Key"		"F"
				"Mode"		"-1"
			}
			"AbilityUltimateQuickCast"
			{
				"Key"		"R"
				"Mode"		"-1"
			}
			"AbilityPrimary1AutoCastAlternate2"
			{
				"Mode"		"-1"
			}
			"AbilityPrimary2AutoCastAlternate2"
			{
				"Key"		"w"
				"Modifier"		"ALT"
				"ChannelCancel"		"ALT"
				"Mode"		"-1"
			}
			"AbilityPrimary3AutoCastAlternate2"
			{
				"Key"		"e"
				"Modifier"		"ALT"
				"ChannelCancel"		"ALT"
				"Mode"		"-1"
			}
			"AbilitySecondary1AutoCastAlternate2"
			{
				"Key"		"d"
				"Modifier"		"ALT"
				"ChannelCancel"		"ALT"
				"Mode"		"-1"
			}
			"AbilitySecondary2AutoCastAlternate2"
			{
				"Key"		"f"
				"Modifier"		"ALT"
				"ChannelCancel"		"ALT"
				"Mode"		"-1"
			}
			"AbilityUltimateAutoCastAlternate2"
			{
				"Key"		"r"
				"Modifier"		"ALT"
				"ChannelCancel"		"ALT"
				"Mode"		"-1"
			}
			"AbilityPrimary1AutoCast"
			{
				"Key"		"q"
				"Modifier"		"ALT"
				"Mode"		"0"
				"ChannelCancel"		"ALT"
			}
			"AbilityPrimary2AutoCast"
			{
				"Mode"		"0"
			}
			"AbilityPrimary3AutoCast"
			{
				"Mode"		"0"
			}
			"AbilitySecondary1AutoCast"
			{
				"Mode"		"0"
			}
			"AbilitySecondary2AutoCast"
			{
				"Mode"		"0"
			}
			"AbilityUltimateAutoCast"
			{
				"Mode"		"0"
			}
		}
		"npc_dota_hero_shredder"
		{
			"AbilityPrimary1"
			{
				"Mode"		"0"
			}
			"AbilitySecondary1"
			{
				"Mode"		"0"
			}
			"AbilitySecondary2"
			{
				"Mode"		"0"
			}
			"TalentUpgradeStatLeft"
			{
				"Key"		"1"
				"Mode"		"-1"
			}
			"TalentUpgradeStatRight"
			{
				"Key"		"2"
				"Mode"		"-1"
			}
			"TalentUpgradeAttribute"
			{
				"Key"		"3"
				"Mode"		"-1"
			}
			"AbilityPrimary1QuickCast"
			{
				"Key"		"Q"
				"Mode"		"-1"
			}
			"AbilityPrimary2QuickCast"
			{
				"Key"		"W"
				"Mode"		"-1"
			}
			"AbilityPrimary3QuickCast"
			{
				"Key"		"E"
				"Mode"		"-1"
			}
			"AbilitySecondary1QuickCast"
			{
				"Key"		"D"
				"Mode"		"-1"
			}
			"AbilitySecondary2QuickCast"
			{
				"Key"		"F"
				"Mode"		"-1"
			}
			"AbilityUltimateQuickCast"
			{
				"Key"		"R"
				"Mode"		"-1"
			}
			"AbilityPrimary1AutoCastAlternate2"
			{
				"Key"		"q"
				"Modifier"		"ALT"
				"ChannelCancel"		"ALT"
				"Mode"		"-1"
			}
			"AbilityPrimary2AutoCastAlternate2"
			{
				"Key"		"w"
				"Modifier"		"ALT"
				"ChannelCancel"		"ALT"
				"Mode"		"-1"
			}
			"AbilityPrimary3AutoCastAlternate2"
			{
				"Key"		"e"
				"Modifier"		"ALT"
				"ChannelCancel"		"ALT"
				"Mode"		"-1"
			}
			"AbilitySecondary1AutoCastAlternate2"
			{
				"Key"		"d"
				"Modifier"		"ALT"
				"ChannelCancel"		"ALT"
				"Mode"		"-1"
			}
			"AbilitySecondary2AutoCastAlternate2"
			{
				"Key"		"f"
				"Modifier"		"ALT"
				"ChannelCancel"		"ALT"
				"Mode"		"-1"
			}
			"AbilityUltimateAutoCastAlternate2"
			{
				"Key"		"r"
				"Modifier"		"ALT"
				"ChannelCancel"		"ALT"
				"Mode"		"-1"
			}
			"AbilityPrimary1AutoCast"
			{
				"Mode"		"0"
			}
			"AbilityPrimary2AutoCast"
			{
				"Mode"		"0"
			}
			"AbilityPrimary3AutoCast"
			{
				"Mode"		"0"
			}
			"AbilitySecondary1AutoCast"
			{
				"Mode"		"0"
			}
			"AbilitySecondary2AutoCast"
			{
				"Mode"		"0"
			}
			"AbilityUltimateAutoCast"
			{
				"Mode"		"0"
			}
			"AbilityPrimary2"
			{
				"Mode"		"-1"
			}
		}
		"npc_dota_hero_lion"
		{
			"AbilityPrimary1"
			{
				"Mode"		"0"
				"Key"		"Q"
			}
			"AbilitySecondary1"
			{
				"Mode"		"0"
			}
			"AbilitySecondary2"
			{
				"Mode"		"0"
			}
			"TalentUpgradeStatLeft"
			{
				"Key"		"1"
				"Mode"		"-1"
			}
			"TalentUpgradeStatRight"
			{
				"Key"		"2"
				"Mode"		"-1"
			}
			"TalentUpgradeAttribute"
			{
				"Key"		"3"
				"Mode"		"-1"
			}
			"AbilityPrimary1QuickCast"
			{
				"Mode"		"-1"
			}
			"AbilityPrimary2QuickCast"
			{
				"Key"		"W"
				"Mode"		"-1"
			}
			"AbilityPrimary3QuickCast"
			{
				"Key"		"E"
				"Mode"		"-1"
			}
			"AbilitySecondary1QuickCast"
			{
				"Key"		"D"
				"Mode"		"-1"
			}
			"AbilitySecondary2QuickCast"
			{
				"Key"		"F"
				"Mode"		"-1"
			}
			"AbilityUltimateQuickCast"
			{
				"Key"		"R"
				"Mode"		"-1"
			}
			"AbilityPrimary1AutoCastAlternate2"
			{
				"Mode"		"-1"
			}
			"AbilityPrimary2AutoCastAlternate2"
			{
				"Key"		"w"
				"Modifier"		"ALT"
				"ChannelCancel"		"ALT"
				"Mode"		"-1"
			}
			"AbilityPrimary3AutoCastAlternate2"
			{
				"Key"		"e"
				"Modifier"		"ALT"
				"ChannelCancel"		"ALT"
				"Mode"		"-1"
			}
			"AbilitySecondary1AutoCastAlternate2"
			{
				"Key"		"d"
				"Modifier"		"ALT"
				"ChannelCancel"		"ALT"
				"Mode"		"-1"
			}
			"AbilitySecondary2AutoCastAlternate2"
			{
				"Key"		"f"
				"Modifier"		"ALT"
				"ChannelCancel"		"ALT"
				"Mode"		"-1"
			}
			"AbilityUltimateAutoCastAlternate2"
			{
				"Key"		"r"
				"Modifier"		"ALT"
				"ChannelCancel"		"ALT"
				"Mode"		"-1"
			}
			"AbilityPrimary1AutoCast"
			{
				"Mode"		"0"
				"Key"		"q"
				"Modifier"		"ALT"
				"ChannelCancel"		"ALT"
			}
			"AbilityPrimary2AutoCast"
			{
				"Mode"		"0"
			}
			"AbilityPrimary3AutoCast"
			{
				"Mode"		"0"
			}
			"AbilitySecondary1AutoCast"
			{
				"Mode"		"0"
			}
			"AbilitySecondary2AutoCast"
			{
				"Mode"		"0"
			}
			"AbilityUltimateAutoCast"
			{
				"Mode"		"0"
			}
		}
		"npc_dota_hero_zuus"
		{
			"AbilityPrimary1"
			{
				"Mode"		"0"
			}
			"AbilitySecondary1"
			{
				"Key"		"D"
				"Mode"		"0"
			}
			"AbilitySecondary2"
			{
				"Mode"		"0"
			}
			"TalentUpgradeStatLeft"
			{
				"Key"		"1"
				"Mode"		"-1"
			}
			"TalentUpgradeStatRight"
			{
				"Key"		"2"
				"Mode"		"-1"
			}
			"TalentUpgradeAttribute"
			{
				"Key"		"3"
				"Mode"		"-1"
			}
			"AbilityPrimary1QuickCast"
			{
				"Key"		"Q"
				"Mode"		"-1"
			}
			"AbilityPrimary2QuickCast"
			{
				"Key"		"W"
				"Mode"		"-1"
			}
			"AbilityPrimary3QuickCast"
			{
				"Key"		"E"
				"Mode"		"-1"
			}
			"AbilitySecondary1QuickCast"
			{
				"Mode"		"-1"
			}
			"AbilitySecondary2QuickCast"
			{
				"Key"		"F"
				"Mode"		"-1"
			}
			"AbilityUltimateQuickCast"
			{
				"Key"		"R"
				"Mode"		"-1"
			}
			"AbilityPrimary1AutoCastAlternate2"
			{
				"Key"		"q"
				"Modifier"		"ALT"
				"ChannelCancel"		"ALT"
				"Mode"		"-1"
			}
			"AbilityPrimary2AutoCastAlternate2"
			{
				"Key"		"w"
				"Modifier"		"ALT"
				"ChannelCancel"		"ALT"
				"Mode"		"-1"
			}
			"AbilityPrimary3AutoCastAlternate2"
			{
				"Key"		"e"
				"Modifier"		"ALT"
				"ChannelCancel"		"ALT"
				"Mode"		"-1"
			}
			"AbilitySecondary1AutoCastAlternate2"
			{
				"Mode"		"-1"
			}
			"AbilitySecondary2AutoCastAlternate2"
			{
				"Key"		"f"
				"Modifier"		"ALT"
				"ChannelCancel"		"ALT"
				"Mode"		"-1"
			}
			"AbilityUltimateAutoCastAlternate2"
			{
				"Key"		"r"
				"Modifier"		"ALT"
				"ChannelCancel"		"ALT"
				"Mode"		"-1"
			}
			"AbilityPrimary1AutoCast"
			{
				"Mode"		"0"
			}
			"AbilityPrimary2AutoCast"
			{
				"Mode"		"0"
			}
			"AbilityPrimary3AutoCast"
			{
				"Mode"		"0"
			}
			"AbilitySecondary1AutoCast"
			{
				"Key"		"d"
				"Modifier"		"ALT"
				"Mode"		"0"
				"ChannelCancel"		"ALT"
			}
			"AbilitySecondary2AutoCast"
			{
				"Mode"		"0"
			}
			"AbilityUltimateAutoCast"
			{
				"Mode"		"0"
			}
		}
		"npc_dota_hero_windrunner"
		{
			"AbilityPrimary1"
			{
				"Mode"		"0"
			}
			"AbilitySecondary1"
			{
				"Mode"		"0"
			}
			"AbilitySecondary2"
			{
				"Mode"		"0"
			}
			"TalentUpgradeStatLeft"
			{
				"Key"		"1"
				"Mode"		"-1"
			}
			"TalentUpgradeStatRight"
			{
				"Key"		"2"
				"Mode"		"-1"
			}
			"TalentUpgradeAttribute"
			{
				"Key"		"3"
				"Mode"		"-1"
			}
			"AbilityPrimary1QuickCast"
			{
				"Key"		"Q"
				"Mode"		"-1"
			}
			"AbilityPrimary2QuickCast"
			{
				"Mode"		"-1"
			}
			"AbilityPrimary3QuickCast"
			{
				"Key"		"E"
				"Mode"		"-1"
			}
			"AbilitySecondary1QuickCast"
			{
				"Key"		"D"
				"Mode"		"-1"
			}
			"AbilitySecondary2QuickCast"
			{
				"Key"		"F"
				"Mode"		"-1"
			}
			"AbilityUltimateQuickCast"
			{
				"Key"		"R"
				"Mode"		"-1"
			}
			"AbilityPrimary1AutoCastAlternate2"
			{
				"Key"		"q"
				"Modifier"		"ALT"
				"ChannelCancel"		"ALT"
				"Mode"		"-1"
			}
			"AbilityPrimary2AutoCastAlternate2"
			{
				"Mode"		"-1"
			}
			"AbilityPrimary3AutoCastAlternate2"
			{
				"Key"		"e"
				"Modifier"		"ALT"
				"ChannelCancel"		"ALT"
				"Mode"		"-1"
			}
			"AbilitySecondary1AutoCastAlternate2"
			{
				"Key"		"d"
				"Modifier"		"ALT"
				"ChannelCancel"		"ALT"
				"Mode"		"-1"
			}
			"AbilitySecondary2AutoCastAlternate2"
			{
				"Key"		"f"
				"Modifier"		"ALT"
				"ChannelCancel"		"ALT"
				"Mode"		"-1"
			}
			"AbilityUltimateAutoCastAlternate2"
			{
				"Key"		"r"
				"Modifier"		"ALT"
				"ChannelCancel"		"ALT"
				"Mode"		"-1"
			}
			"AbilityPrimary1AutoCast"
			{
				"Mode"		"0"
			}
			"AbilityPrimary2AutoCast"
			{
				"Mode"		"0"
				"Key"		"w"
				"Modifier"		"ALT"
				"ChannelCancel"		"ALT"
			}
			"AbilityPrimary3AutoCast"
			{
				"Mode"		"0"
			}
			"AbilitySecondary1AutoCast"
			{
				"Mode"		"0"
			}
			"AbilitySecondary2AutoCast"
			{
				"Mode"		"0"
			}
			"AbilityUltimateAutoCast"
			{
				"Mode"		"0"
			}
			"AbilityPrimary2"
			{
				"Key"		"W"
				"Mode"		"-1"
			}
		}
		"npc_dota_hero_rubick"
		{
			"AbilityPrimary1"
			{
				"Mode"		"0"
			}
			"AbilitySecondary1"
			{
				"Key"		"D"
				"Mode"		"0"
			}
			"AbilitySecondary2"
			{
				"Key"		"F"
				"Mode"		"0"
			}
			"TalentUpgradeStatLeft"
			{
				"Key"		"1"
				"Mode"		"-1"
			}
			"TalentUpgradeStatRight"
			{
				"Key"		"2"
				"Mode"		"-1"
			}
			"TalentUpgradeAttribute"
			{
				"Key"		"3"
				"Mode"		"-1"
			}
			"AbilityPrimary1QuickCast"
			{
				"Key"		"Q"
				"Mode"		"-1"
			}
			"AbilityPrimary2QuickCast"
			{
				"Key"		"W"
				"Mode"		"-1"
			}
			"AbilityPrimary3QuickCast"
			{
				"Key"		"E"
				"Mode"		"-1"
			}
			"AbilitySecondary1QuickCast"
			{
				"Mode"		"-1"
			}
			"AbilitySecondary2QuickCast"
			{
				"Mode"		"-1"
			}
			"AbilityUltimateQuickCast"
			{
				"Key"		"R"
				"Mode"		"-1"
			}
			"AbilityPrimary1AutoCastAlternate2"
			{
				"Key"		"q"
				"Modifier"		"ALT"
				"ChannelCancel"		"ALT"
				"Mode"		"-1"
			}
			"AbilityPrimary2AutoCastAlternate2"
			{
				"Key"		"w"
				"Modifier"		"ALT"
				"ChannelCancel"		"ALT"
				"Mode"		"-1"
			}
			"AbilityPrimary3AutoCastAlternate2"
			{
				"Key"		"e"
				"Modifier"		"ALT"
				"ChannelCancel"		"ALT"
				"Mode"		"-1"
			}
			"AbilitySecondary1AutoCastAlternate2"
			{
				"Mode"		"-1"
			}
			"AbilitySecondary2AutoCastAlternate2"
			{
				"Mode"		"-1"
			}
			"AbilityUltimateAutoCastAlternate2"
			{
				"Key"		"r"
				"Modifier"		"ALT"
				"ChannelCancel"		"ALT"
				"Mode"		"-1"
			}
			"AbilityPrimary1AutoCast"
			{
				"Mode"		"0"
			}
			"AbilityPrimary2AutoCast"
			{
				"Mode"		"0"
			}
			"AbilityPrimary3AutoCast"
			{
				"Mode"		"0"
			}
			"AbilitySecondary1AutoCast"
			{
				"Key"		"d"
				"Modifier"		"ALT"
				"Mode"		"0"
				"ChannelCancel"		"ALT"
			}
			"AbilitySecondary2AutoCast"
			{
				"Key"		"f"
				"Modifier"		"ALT"
				"Mode"		"0"
				"ChannelCancel"		"ALT"
			}
			"AbilityUltimateAutoCast"
			{
				"Mode"		"0"
			}
		}
		"npc_dota_hero_dazzle"
		{
			"AbilityPrimary1"
			{
				"Mode"		"0"
			}
			"AbilitySecondary1"
			{
				"Mode"		"0"
			}
			"AbilitySecondary2"
			{
				"Mode"		"0"
			}
			"TalentUpgradeStatLeft"
			{
				"Key"		"1"
				"Mode"		"-1"
			}
			"TalentUpgradeStatRight"
			{
				"Key"		"2"
				"Mode"		"-1"
			}
			"TalentUpgradeAttribute"
			{
				"Key"		"3"
				"Mode"		"-1"
			}
			"AbilityPrimary1QuickCast"
			{
				"Key"		"Q"
				"Mode"		"-1"
			}
			"AbilityPrimary2QuickCast"
			{
				"Key"		"W"
				"Mode"		"-1"
			}
			"AbilityPrimary3QuickCast"
			{
				"Key"		"E"
				"Mode"		"-1"
			}
			"AbilitySecondary1QuickCast"
			{
				"Key"		"D"
				"Mode"		"-1"
			}
			"AbilitySecondary2QuickCast"
			{
				"Key"		"F"
				"Mode"		"-1"
			}
			"AbilityUltimateQuickCast"
			{
				"Mode"		"-1"
			}
			"AbilityPrimary1AutoCastAlternate2"
			{
				"Key"		"q"
				"Modifier"		"ALT"
				"ChannelCancel"		"ALT"
				"Mode"		"-1"
			}
			"AbilityPrimary2AutoCastAlternate2"
			{
				"Key"		"w"
				"Modifier"		"ALT"
				"ChannelCancel"		"ALT"
				"Mode"		"-1"
			}
			"AbilityPrimary3AutoCastAlternate2"
			{
				"Key"		"e"
				"Modifier"		"ALT"
				"ChannelCancel"		"ALT"
				"Mode"		"-1"
			}
			"AbilitySecondary1AutoCastAlternate2"
			{
				"Key"		"d"
				"Modifier"		"ALT"
				"ChannelCancel"		"ALT"
				"Mode"		"-1"
			}
			"AbilitySecondary2AutoCastAlternate2"
			{
				"Key"		"f"
				"Modifier"		"ALT"
				"ChannelCancel"		"ALT"
				"Mode"		"-1"
			}
			"AbilityUltimateAutoCastAlternate2"
			{
				"Mode"		"-1"
			}
			"AbilityPrimary1AutoCast"
			{
				"Mode"		"0"
			}
			"AbilityPrimary2AutoCast"
			{
				"Mode"		"0"
			}
			"AbilityPrimary3AutoCast"
			{
				"Mode"		"0"
			}
			"AbilitySecondary1AutoCast"
			{
				"Mode"		"0"
			}
			"AbilitySecondary2AutoCast"
			{
				"Mode"		"0"
			}
			"AbilityUltimateAutoCast"
			{
				"Key"		"r"
				"Modifier"		"ALT"
				"Mode"		"0"
				"ChannelCancel"		"ALT"
			}
			"AbilityUltimate"
			{
				"Key"		"R"
				"Mode"		"-1"
			}
		}
		"npc_dota_hero_weaver"
		{
			"AbilityPrimary1"
			{
				"Mode"		"0"
			}
			"AbilitySecondary1"
			{
				"Mode"		"0"
			}
			"AbilitySecondary2"
			{
				"Mode"		"0"
			}
			"TalentUpgradeStatLeft"
			{
				"Key"		"1"
				"Mode"		"-1"
			}
			"TalentUpgradeStatRight"
			{
				"Key"		"2"
				"Mode"		"-1"
			}
			"TalentUpgradeAttribute"
			{
				"Key"		"3"
				"Mode"		"-1"
			}
			"AbilityPrimary1QuickCast"
			{
				"Key"		"Q"
				"Mode"		"-1"
			}
			"AbilityPrimary2QuickCast"
			{
				"Key"		"W"
				"Mode"		"-1"
			}
			"AbilityPrimary3QuickCast"
			{
				"Key"		"E"
				"Mode"		"-1"
			}
			"AbilitySecondary1QuickCast"
			{
				"Key"		"D"
				"Mode"		"-1"
			}
			"AbilitySecondary2QuickCast"
			{
				"Key"		"F"
				"Mode"		"-1"
			}
			"AbilityUltimateQuickCast"
			{
				"Mode"		"-1"
			}
			"AbilityPrimary1AutoCastAlternate2"
			{
				"Key"		"q"
				"Modifier"		"ALT"
				"ChannelCancel"		"ALT"
				"Mode"		"-1"
			}
			"AbilityPrimary2AutoCastAlternate2"
			{
				"Key"		"w"
				"Modifier"		"ALT"
				"ChannelCancel"		"ALT"
				"Mode"		"-1"
			}
			"AbilityPrimary3AutoCastAlternate2"
			{
				"Key"		"e"
				"Modifier"		"ALT"
				"ChannelCancel"		"ALT"
				"Mode"		"-1"
			}
			"AbilitySecondary1AutoCastAlternate2"
			{
				"Key"		"d"
				"Modifier"		"ALT"
				"ChannelCancel"		"ALT"
				"Mode"		"-1"
			}
			"AbilitySecondary2AutoCastAlternate2"
			{
				"Key"		"f"
				"Modifier"		"ALT"
				"ChannelCancel"		"ALT"
				"Mode"		"-1"
			}
			"AbilityUltimateAutoCastAlternate2"
			{
				"Mode"		"-1"
			}
			"AbilityPrimary1AutoCast"
			{
				"Mode"		"0"
			}
			"AbilityPrimary2AutoCast"
			{
				"Mode"		"0"
			}
			"AbilityPrimary3AutoCast"
			{
				"Mode"		"0"
			}
			"AbilitySecondary1AutoCast"
			{
				"Mode"		"0"
			}
			"AbilitySecondary2AutoCast"
			{
				"Mode"		"0"
			}
			"AbilityUltimateAutoCast"
			{
				"Key"		"r"
				"Modifier"		"ALT"
				"Mode"		"0"
				"ChannelCancel"		"ALT"
			}
			"AbilityUltimate"
			{
				"Key"		"R"
				"Mode"		"-1"
			}
		}
		"npc_dota_hero_legion_commander"
		{
			"AbilityPrimary1"
			{
				"Mode"		"0"
			}
			"AbilitySecondary1"
			{
				"Mode"		"0"
			}
			"AbilitySecondary2"
			{
				"Mode"		"0"
			}
			"TalentUpgradeStatLeft"
			{
				"Key"		"1"
				"Mode"		"-1"
			}
			"TalentUpgradeStatRight"
			{
				"Key"		"2"
				"Mode"		"-1"
			}
			"TalentUpgradeAttribute"
			{
				"Key"		"3"
				"Mode"		"-1"
			}
			"AbilityPrimary1QuickCast"
			{
				"Key"		"Q"
				"Mode"		"-1"
			}
			"AbilityPrimary2QuickCast"
			{
				"Key"		"W"
				"Mode"		"-1"
			}
			"AbilityPrimary3QuickCast"
			{
				"Key"		"E"
				"Mode"		"-1"
			}
			"AbilitySecondary1QuickCast"
			{
				"Key"		"D"
				"Mode"		"-1"
			}
			"AbilitySecondary2QuickCast"
			{
				"Mode"		"-1"
			}
			"AbilityUltimateQuickCast"
			{
				"Key"		"R"
				"Mode"		"-1"
			}
			"AbilityPrimary1AutoCastAlternate2"
			{
				"Key"		"q"
				"Modifier"		"ALT"
				"ChannelCancel"		"ALT"
				"Mode"		"-1"
			}
			"AbilityPrimary2AutoCastAlternate2"
			{
				"Key"		"w"
				"Modifier"		"ALT"
				"ChannelCancel"		"ALT"
				"Mode"		"-1"
			}
			"AbilityPrimary3AutoCastAlternate2"
			{
				"Key"		"e"
				"Modifier"		"ALT"
				"ChannelCancel"		"ALT"
				"Mode"		"-1"
			}
			"AbilitySecondary1AutoCastAlternate2"
			{
				"Key"		"d"
				"Modifier"		"ALT"
				"ChannelCancel"		"ALT"
				"Mode"		"-1"
			}
			"AbilitySecondary2AutoCastAlternate2"
			{
				"Mode"		"-1"
			}
			"AbilityUltimateAutoCastAlternate2"
			{
				"Key"		"r"
				"Modifier"		"ALT"
				"ChannelCancel"		"ALT"
				"Mode"		"-1"
			}
			"AbilityPrimary1AutoCast"
			{
				"Mode"		"0"
			}
			"AbilityPrimary2AutoCast"
			{
				"Key"		"f"
				"Modifier"		"ALT"
				"Mode"		"0"
				"ChannelCancel"		"ALT"
			}
			"AbilityPrimary3AutoCast"
			{
				"Mode"		"0"
			}
			"AbilitySecondary1AutoCast"
			{
				"Mode"		"0"
			}
			"AbilitySecondary2AutoCast"
			{
				"Mode"		"0"
			}
			"AbilityUltimateAutoCast"
			{
				"Mode"		"0"
			}
			"AbilityPrimary2"
			{
				"Key"		"F"
				"Mode"		"-1"
			}
		}
		"npc_dota_hero_venomancer"
		{
			"AbilityPrimary1"
			{
				"Mode"		"0"
			}
			"AbilitySecondary1"
			{
				"Mode"		"0"
			}
			"AbilitySecondary2"
			{
				"Mode"		"0"
			}
			"TalentUpgradeStatLeft"
			{
				"Key"		"1"
				"Mode"		"-1"
			}
			"TalentUpgradeStatRight"
			{
				"Key"		"2"
				"Mode"		"-1"
			}
			"TalentUpgradeAttribute"
			{
				"Key"		"3"
				"Mode"		"-1"
			}
			"AbilityPrimary1QuickCast"
			{
				"Key"		"Q"
				"Mode"		"-1"
			}
			"AbilityPrimary2QuickCast"
			{
				"Key"		"W"
				"Mode"		"-1"
			}
			"AbilityPrimary3QuickCast"
			{
				"Key"		"E"
				"Mode"		"-1"
			}
			"AbilitySecondary1QuickCast"
			{
				"Key"		"D"
				"Mode"		"-1"
			}
			"AbilitySecondary2QuickCast"
			{
				"Key"		"F"
				"Mode"		"-1"
			}
			"AbilityUltimateQuickCast"
			{
				"Key"		"R"
				"Mode"		"-1"
			}
			"AbilityPrimary1AutoCastAlternate2"
			{
				"Key"		"q"
				"Modifier"		"ALT"
				"ChannelCancel"		"ALT"
				"Mode"		"-1"
			}
			"AbilityPrimary2AutoCastAlternate2"
			{
				"Key"		"w"
				"Modifier"		"ALT"
				"ChannelCancel"		"ALT"
				"Mode"		"-1"
			}
			"AbilityPrimary3AutoCastAlternate2"
			{
				"Key"		"e"
				"Modifier"		"ALT"
				"ChannelCancel"		"ALT"
				"Mode"		"-1"
			}
			"AbilitySecondary1AutoCastAlternate2"
			{
				"Key"		"d"
				"Modifier"		"ALT"
				"ChannelCancel"		"ALT"
				"Mode"		"-1"
			}
			"AbilitySecondary2AutoCastAlternate2"
			{
				"Key"		"f"
				"Modifier"		"ALT"
				"ChannelCancel"		"ALT"
				"Mode"		"-1"
			}
			"AbilityUltimateAutoCastAlternate2"
			{
				"Key"		"r"
				"Modifier"		"ALT"
				"ChannelCancel"		"ALT"
				"Mode"		"-1"
			}
			"AbilityPrimary1AutoCast"
			{
				"Mode"		"0"
			}
			"AbilityPrimary2AutoCast"
			{
				"Mode"		"0"
			}
			"AbilityPrimary3AutoCast"
			{
				"Mode"		"0"
			}
			"AbilitySecondary1AutoCast"
			{
				"Mode"		"0"
			}
			"AbilitySecondary2AutoCast"
			{
				"Mode"		"0"
			}
			"AbilityUltimateAutoCast"
			{
				"Mode"		"0"
			}
		}
		"npc_dota_hero_mirana"
		{
			"AbilityPrimary1"
			{
				"Mode"		"0"
			}
			"AbilitySecondary1"
			{
				"Mode"		"0"
			}
			"AbilitySecondary2"
			{
				"Mode"		"0"
			}
			"TalentUpgradeStatLeft"
			{
				"Key"		"1"
				"Mode"		"-1"
			}
			"TalentUpgradeStatRight"
			{
				"Key"		"2"
				"Mode"		"-1"
			}
			"TalentUpgradeAttribute"
			{
				"Key"		"3"
				"Mode"		"-1"
			}
			"AbilityPrimary1QuickCast"
			{
				"Key"		"Q"
				"Mode"		"-1"
			}
			"AbilityPrimary2QuickCast"
			{
				"Mode"		"-1"
			}
			"AbilityPrimary3QuickCast"
			{
				"Key"		"E"
				"Mode"		"-1"
			}
			"AbilitySecondary1QuickCast"
			{
				"Key"		"D"
				"Mode"		"-1"
			}
			"AbilitySecondary2QuickCast"
			{
				"Key"		"F"
				"Mode"		"-1"
			}
			"AbilityUltimateQuickCast"
			{
				"Key"		"R"
				"Mode"		"-1"
			}
			"AbilityPrimary1AutoCastAlternate2"
			{
				"Key"		"q"
				"Modifier"		"ALT"
				"ChannelCancel"		"ALT"
				"Mode"		"-1"
			}
			"AbilityPrimary2AutoCastAlternate2"
			{
				"Mode"		"-1"
			}
			"AbilityPrimary3AutoCastAlternate2"
			{
				"Key"		"e"
				"Modifier"		"ALT"
				"ChannelCancel"		"ALT"
				"Mode"		"-1"
			}
			"AbilitySecondary1AutoCastAlternate2"
			{
				"Key"		"d"
				"Modifier"		"ALT"
				"ChannelCancel"		"ALT"
				"Mode"		"-1"
			}
			"AbilitySecondary2AutoCastAlternate2"
			{
				"Key"		"f"
				"Modifier"		"ALT"
				"ChannelCancel"		"ALT"
				"Mode"		"-1"
			}
			"AbilityUltimateAutoCastAlternate2"
			{
				"Key"		"r"
				"Modifier"		"ALT"
				"ChannelCancel"		"ALT"
				"Mode"		"-1"
			}
			"AbilityPrimary1AutoCast"
			{
				"Mode"		"0"
			}
			"AbilityPrimary2AutoCast"
			{
				"Key"		"w"
				"Modifier"		"ALT"
				"Mode"		"0"
				"ChannelCancel"		"ALT"
			}
			"AbilityPrimary3AutoCast"
			{
				"Mode"		"0"
			}
			"AbilitySecondary1AutoCast"
			{
				"Mode"		"0"
			}
			"AbilitySecondary2AutoCast"
			{
				"Mode"		"0"
			}
			"AbilityUltimateAutoCast"
			{
				"Mode"		"0"
			}
			"AbilityPrimary2"
			{
				"Key"		"W"
				"Mode"		"-1"
			}
		}
		"npc_dota_hero_nyx_assassin"
		{
			"AbilityPrimary1"
			{
				"Key"		"Q"
				"Mode"		"0"
			}
			"AbilitySecondary1"
			{
				"Mode"		"0"
			}
			"AbilitySecondary2"
			{
				"Mode"		"0"
			}
			"TalentUpgradeStatLeft"
			{
				"Key"		"1"
				"Mode"		"-1"
			}
			"TalentUpgradeStatRight"
			{
				"Key"		"2"
				"Mode"		"-1"
			}
			"TalentUpgradeAttribute"
			{
				"Key"		"3"
				"Mode"		"-1"
			}
			"AbilityPrimary1QuickCast"
			{
				"Mode"		"1"
			}
			"AbilityPrimary2QuickCast"
			{
				"Key"		"W"
				"Mode"		"-1"
			}
			"AbilityPrimary3QuickCast"
			{
				"Key"		"E"
				"Mode"		"-1"
			}
			"AbilitySecondary1QuickCast"
			{
				"Key"		"D"
				"Mode"		"-1"
			}
			"AbilitySecondary2QuickCast"
			{
				"Key"		"F"
				"Mode"		"-1"
			}
			"AbilityUltimateQuickCast"
			{
				"Key"		"R"
				"Mode"		"-1"
			}
			"AbilityPrimary1AutoCastAlternate2"
			{
				"Mode"		"-1"
			}
			"AbilityPrimary2AutoCastAlternate2"
			{
				"Key"		"w"
				"Modifier"		"ALT"
				"ChannelCancel"		"ALT"
				"Mode"		"-1"
			}
			"AbilityPrimary3AutoCastAlternate2"
			{
				"Key"		"e"
				"Modifier"		"ALT"
				"ChannelCancel"		"ALT"
				"Mode"		"-1"
			}
			"AbilitySecondary1AutoCastAlternate2"
			{
				"Key"		"d"
				"Modifier"		"ALT"
				"ChannelCancel"		"ALT"
				"Mode"		"-1"
			}
			"AbilitySecondary2AutoCastAlternate2"
			{
				"Key"		"f"
				"Modifier"		"ALT"
				"ChannelCancel"		"ALT"
				"Mode"		"-1"
			}
			"AbilityUltimateAutoCastAlternate2"
			{
				"Key"		"r"
				"Modifier"		"ALT"
				"ChannelCancel"		"ALT"
				"Mode"		"-1"
			}
			"AbilityPrimary1AutoCast"
			{
				"Key"		"q"
				"Modifier"		"ALT"
				"Mode"		"0"
				"ChannelCancel"		"ALT"
			}
			"AbilityPrimary2AutoCast"
			{
				"Mode"		"0"
			}
			"AbilityPrimary3AutoCast"
			{
				"Mode"		"0"
			}
			"AbilitySecondary1AutoCast"
			{
				"Mode"		"0"
			}
			"AbilitySecondary2AutoCast"
			{
				"Mode"		"0"
			}
			"AbilityUltimateAutoCast"
			{
				"Mode"		"0"
			}
		}
		"npc_dota_hero_jakiro"
		{
			"AbilityPrimary1"
			{
				"Mode"		"0"
				"Key"		"Q"
			}
			"AbilitySecondary1"
			{
				"Mode"		"0"
			}
			"AbilitySecondary2"
			{
				"Mode"		"0"
			}
			"TalentUpgradeStatLeft"
			{
				"Key"		"1"
				"Mode"		"-1"
			}
			"TalentUpgradeStatRight"
			{
				"Key"		"2"
				"Mode"		"-1"
			}
			"TalentUpgradeAttribute"
			{
				"Key"		"3"
				"Mode"		"-1"
			}
			"AbilityPrimary1QuickCast"
			{
				"Mode"		"1"
			}
			"AbilityPrimary2QuickCast"
			{
				"Mode"		"-1"
			}
			"AbilityPrimary3QuickCast"
			{
				"Key"		"E"
				"Mode"		"-1"
			}
			"AbilitySecondary1QuickCast"
			{
				"Key"		"D"
				"Mode"		"-1"
			}
			"AbilitySecondary2QuickCast"
			{
				"Key"		"F"
				"Mode"		"-1"
			}
			"AbilityUltimateQuickCast"
			{
				"Mode"		"-1"
			}
			"AbilityPrimary1AutoCastAlternate2"
			{
				"Mode"		"-1"
			}
			"AbilityPrimary2AutoCastAlternate2"
			{
				"Mode"		"-1"
			}
			"AbilityPrimary3AutoCastAlternate2"
			{
				"Key"		"e"
				"Modifier"		"ALT"
				"ChannelCancel"		"ALT"
				"Mode"		"-1"
			}
			"AbilitySecondary1AutoCastAlternate2"
			{
				"Key"		"d"
				"Modifier"		"ALT"
				"ChannelCancel"		"ALT"
				"Mode"		"-1"
			}
			"AbilitySecondary2AutoCastAlternate2"
			{
				"Key"		"f"
				"Modifier"		"ALT"
				"ChannelCancel"		"ALT"
				"Mode"		"-1"
			}
			"AbilityUltimateAutoCastAlternate2"
			{
				"Mode"		"-1"
			}
			"AbilityPrimary1AutoCast"
			{
				"Mode"		"0"
				"Key"		"q"
				"Modifier"		"ALT"
				"ChannelCancel"		"ALT"
			}
			"AbilityPrimary2AutoCast"
			{
				"Mode"		"0"
				"Key"		"w"
				"Modifier"		"ALT"
				"ChannelCancel"		"ALT"
			}
			"AbilityPrimary3AutoCast"
			{
				"Mode"		"0"
			}
			"AbilitySecondary1AutoCast"
			{
				"Mode"		"0"
			}
			"AbilitySecondary2AutoCast"
			{
				"Mode"		"0"
			}
			"AbilityUltimateAutoCast"
			{
				"Mode"		"0"
				"Key"		"r"
				"Modifier"		"ALT"
				"ChannelCancel"		"ALT"
			}
			"AbilityPrimary2"
			{
				"Key"		"W"
				"Mode"		"-1"
			}
			"AbilityUltimate"
			{
				"Key"		"R"
				"Mode"		"-1"
			}
		}
		"npc_dota_hero_magnataur"
		{
			"AbilityPrimary1"
			{
				"Mode"		"0"
			}
			"AbilitySecondary1"
			{
				"Mode"		"0"
			}
			"AbilitySecondary2"
			{
				"Mode"		"0"
			}
			"TalentUpgradeStatLeft"
			{
				"Key"		"1"
				"Mode"		"-1"
			}
			"TalentUpgradeStatRight"
			{
				"Key"		"2"
				"Mode"		"-1"
			}
			"TalentUpgradeAttribute"
			{
				"Key"		"3"
				"Mode"		"-1"
			}
			"NeutralItemSelect1"
			{
				"Mode"		"0"
			}
			"NeutralItemSelect2"
			{
				"Mode"		"0"
			}
			"NeutralItemSelect3"
			{
				"Mode"		"0"
			}
			"NeutralItemSelect4"
			{
				"Mode"		"0"
			}
			"AbilityPrimary1QuickCast"
			{
				"Key"		"Q"
				"Mode"		"1"
			}
			"AbilityPrimary2QuickCast"
			{
				"Key"		"W"
				"Mode"		"-1"
			}
			"AbilityPrimary3QuickCast"
			{
				"Key"		"E"
				"Mode"		"-1"
			}
			"AbilitySecondary1QuickCast"
			{
				"Key"		"D"
				"Mode"		"-1"
			}
			"AbilitySecondary2QuickCast"
			{
				"Key"		"F"
				"Mode"		"-1"
			}
			"AbilityUltimateQuickCast"
			{
				"Key"		"R"
				"Mode"		"-1"
			}
			"AbilityPrimary1AutoCastAlternate2"
			{
				"Key"		"q"
				"Modifier"		"ALT"
				"ChannelCancel"		"ALT"
				"Mode"		"-1"
			}
			"AbilityPrimary2AutoCastAlternate2"
			{
				"Key"		"w"
				"Modifier"		"ALT"
				"ChannelCancel"		"ALT"
				"Mode"		"-1"
			}
			"AbilityPrimary3AutoCastAlternate2"
			{
				"Key"		"e"
				"Modifier"		"ALT"
				"ChannelCancel"		"ALT"
				"Mode"		"-1"
			}
			"AbilitySecondary1AutoCastAlternate2"
			{
				"Key"		"d"
				"Modifier"		"ALT"
				"ChannelCancel"		"ALT"
				"Mode"		"-1"
			}
			"AbilitySecondary2AutoCastAlternate2"
			{
				"Key"		"f"
				"Modifier"		"ALT"
				"ChannelCancel"		"ALT"
				"Mode"		"-1"
			}
			"AbilityUltimateAutoCastAlternate2"
			{
				"Key"		"r"
				"Modifier"		"ALT"
				"ChannelCancel"		"ALT"
				"Mode"		"-1"
			}
			"AbilityPrimary1AutoCast"
			{
				"Mode"		"0"
			}
			"AbilityPrimary2AutoCast"
			{
				"Mode"		"0"
			}
			"AbilityPrimary3AutoCast"
			{
				"Mode"		"0"
			}
			"AbilitySecondary1AutoCast"
			{
				"Mode"		"0"
			}
			"AbilitySecondary2AutoCast"
			{
				"Mode"		"0"
			}
			"AbilityUltimateAutoCast"
			{
				"Mode"		"0"
			}
			"AbilityPrimary3"
			{
				"Mode"		"-1"
			}
		}
		"npc_dota_courier"
		{
			"AbilityPrimary1"
			{
				"Mode"		"0"
				"Key"		"Q"
			}
			"AbilitySecondary1"
			{
				"Mode"		"0"
				"Key"		"X"
			}
			"AbilitySecondary2"
			{
				"Key"		"D"
				"Mode"		"0"
			}
			"TalentUpgradeStatLeft"
			{
				"Key"		"1"
				"Mode"		"-1"
			}
			"TalentUpgradeStatRight"
			{
				"Key"		"2"
				"Mode"		"-1"
			}
			"TalentUpgradeAttribute"
			{
				"Key"		"3"
				"Mode"		"-1"
			}
			"NeutralItemSelect1"
			{
				"Mode"		"0"
			}
			"NeutralItemSelect2"
			{
				"Mode"		"0"
			}
			"NeutralItemSelect3"
			{
				"Mode"		"0"
			}
			"NeutralItemSelect4"
			{
				"Mode"		"0"
			}
			"AbilityPrimary1QuickCast"
			{
				"Mode"		"1"
			}
			"AbilityPrimary2QuickCast"
			{
				"Mode"		"-1"
			}
			"AbilityPrimary3QuickCast"
			{
				"Mode"		"-1"
			}
			"AbilitySecondary1QuickCast"
			{
				"Mode"		"-1"
			}
			"AbilitySecondary2QuickCast"
			{
				"Mode"		"-1"
			}
			"AbilityUltimateQuickCast"
			{
				"Mode"		"-1"
			}
			"AbilityPrimary1AutoCastAlternate2"
			{
				"Mode"		"-1"
			}
			"AbilityPrimary2AutoCastAlternate2"
			{
				"Mode"		"-1"
			}
			"AbilityPrimary3AutoCastAlternate2"
			{
				"Mode"		"-1"
			}
			"AbilitySecondary1AutoCastAlternate2"
			{
				"Mode"		"-1"
			}
			"AbilitySecondary2AutoCastAlternate2"
			{
				"Mode"		"-1"
			}
			"AbilityUltimateAutoCastAlternate2"
			{
				"Mode"		"-1"
			}
			"AbilityPrimary1AutoCast"
			{
				"Mode"		"0"
				"ChannelCancel"		"ALT"
				"Key"		"q"
				"Modifier"		"ALT"
			}
			"AbilityPrimary2AutoCast"
			{
				"Key"		"e"
				"Modifier"		"ALT"
				"Mode"		"0"
				"ChannelCancel"		"ALT"
			}
			"AbilityPrimary3AutoCast"
			{
				"Key"		"w"
				"Modifier"		"ALT"
				"Mode"		"0"
				"ChannelCancel"		"ALT"
			}
			"AbilitySecondary1AutoCast"
			{
				"Mode"		"0"
				"ChannelCancel"		"ALT"
				"Key"		"x"
				"Modifier"		"ALT"
			}
			"AbilitySecondary2AutoCast"
			{
				"Key"		"d"
				"Modifier"		"ALT"
				"Mode"		"0"
				"ChannelCancel"		"ALT"
			}
			"AbilityUltimateAutoCast"
			{
				"Key"		"c"
				"Modifier"		"ALT"
				"Mode"		"0"
				"ChannelCancel"		"ALT"
			}
			"AbilityPrimary2"
			{
				"Key"		"E"
				"Mode"		"-1"
			}
			"AbilityPrimary3"
			{
				"Key"		"W"
				"Mode"		"-1"
			}
			"AbilityUltimate"
			{
				"Key"		"C"
				"Mode"		"-1"
			}
		}
	}
	"Items"
	{
		"item_blink"
		{
			"Mode"		"1"
		}
		"item_overwhelming_blink"
		{
			"Mode"		"1"
		}
		"item_swift_blink"
		{
			"Mode"		"1"
		}
		"item_arcane_blink"
		{
			"Mode"		"1"
		}
		"item_quelling_blade"
		{
			"Mode"		"1"
		}
		"item_moon_shard"
		{
			"Mode"		"1"
		}
		"item_branches"
		{
			"Mode"		"1"
		}
		"item_gem"
		{
			"Mode"		"0"
		}
		"item_clarity"
		{
			"Mode"		"1"
		}
		"item_blood_grenade"
		{
			"Mode"		"0"
		}
		"item_royale_with_cheese"
		{
			"Mode"		"1"
		}
		"item_flask"
		{
			"Mode"		"1"
		}
		"item_ward_dispenser"
		{
			"Mode"		"0"
		}
		"item_ward_observer"
		{
			"Mode"		"0"
		}
		"item_ward_sentry"
		{
			"Mode"		"0"
		}
		"item_tango"
		{
			"Mode"		"1"
		}
		"item_tango_single"
		{
			"Mode"		"1"
		}
		"item_tpscroll"
		{
			"Mode"		"1"
		}
		"item_lunar_crest"
		{
			"Mode"		"1"
		}
		"item_hand_of_midas"
		{
			"Mode"		"1"
		}
		"item_wraith_pact"
		{
			"Mode"		"1"
		}
		"item_holy_locket"
		{
			"Mode"		"1"
		}
		"item_urn_of_shadows"
		{
			"Mode"		"1"
		}
		"item_sheepstick"
		{
			"Mode"		"1"
		}
		"item_orchid"
		{
			"Mode"		"1"
		}
		"item_bloodthorn"
		{
			"Mode"		"1"
		}
		"item_cyclone"
		{
			"Mode"		"1"
		}
		"item_wind_waker"
		{
			"Mode"		"1"
		}
		"item_force_staff"
		{
			"Mode"		"1"
		}
		"item_hurricane_pike"
		{
			"Mode"		"1"
		}
		"item_dagon"
		{
			"Mode"		"1"
		}
		"item_dagon_2"
		{
			"Mode"		"1"
		}
		"item_dagon_3"
		{
			"Mode"		"1"
		}
		"item_dagon_4"
		{
			"Mode"		"1"
		}
		"item_dagon_5"
		{
			"Mode"		"1"
		}
		"item_sphere"
		{
			"Mode"		"1"
		}
		"item_lotus_orb"
		{
			"Mode"		"1"
		}
		"item_meteor_hammer"
		{
			"Mode"		"0"
		}
		"item_nullifier"
		{
			"Mode"		"1"
		}
		"item_spirit_vessel"
		{
			"Mode"		"1"
		}
		"item_bfury"
		{
			"Mode"		"1"
		}
		"item_mjollnir"
		{
			"Mode"		"1"
		}
		"item_helm_of_the_dominator"
		{
			"Mode"		"1"
		}
		"item_helm_of_the_overlord"
		{
			"Mode"		"1"
		}
		"item_gungir"
		{
			"Mode"		"0"
		}
		"item_diffusal_blade"
		{
			"Mode"		"1"
		}
		"item_disperser"
		{
			"Mode"		"1"
		}
		"item_ethereal_blade"
		{
			"Mode"		"1"
		}
		"item_medallion_of_courage"
		{
			"Mode"		"1"
		}
		"item_solar_crest"
		{
			"Mode"		"1"
		}
		"item_pavise"
		{
			"Mode"		"1"
		}
		"item_veil_of_discord"
		{
			"Mode"		"0"
		}
		"item_rod_of_atos"
		{
			"Mode"		"1"
		}
		"item_abyssal_blade"
		{
			"Mode"		"1"
		}
		"item_heavens_halberd"
		{
			"Mode"		"1"
		}
		"item_shadow_amulet"
		{
			"Mode"		"1"
		}
		"item_glimmer_cape"
		{
			"Mode"		"1"
		}
		"item_force_boots"
		{
			"Mode"		"1"
		}
		"item_seer_stone"
		{
			"Mode"		"0"
		}
		"item_trusty_shovel"
		{
			"Mode"		"1"
		}
		"item_fallen_sky"
		{
			"Mode"		"0"
		}
		"item_pirate_hat"
		{
			"Mode"		"1"
		}
		"item_bullwhip"
		{
			"Mode"		"1"
		}
		"item_psychic_headband"
		{
			"Mode"		"1"
		}
		"item_book_of_shadows"
		{
			"Mode"		"1"
		}
		"item_seeds_of_serenity"
		{
			"Mode"		"0"
		}
		"item_harpoon"
		{
			"Mode"		"1"
		}
		"item_aetherial_halo"
		{
			"Mode"		"1"
		}
		"item_royal_jelly"
		{
			"Mode"		"1"
		}
		"item_rapier"
		{
			"Mode"		"1"
		}
		"item_faerie_fire"
		{
			"Mode"		"1"
		}
		"item_magic_stick"
		{
			"Mode"		"1"
		}
		"item_magic_wand"
		{
			"Mode"		"1"
		}
		"item_ghost"
		{
			"Mode"		"1"
		}
		"item_enchanted_mango"
		{
			"Mode"		"1"
		}
		"item_dust"
		{
			"Mode"		"1"
		}
		"item_bottle"
		{
			"Mode"		"1"
		}
		"item_phase_boots"
		{
			"Mode"		"1"
		}
		"item_power_treads"
		{
			"Mode"		"1"
		}
		"item_mekansm"
		{
			"Mode"		"1"
		}
		"item_pipe"
		{
			"Mode"		"1"
		}
		"item_refresher"
		{
			"Mode"		"1"
		}
		"item_black_king_bar"
		{
			"Mode"		"1"
		}
		"item_shivas_guard"
		{
			"Mode"		"1"
		}
		"item_bloodstone"
		{
			"Mode"		"1"
		}
		"item_crimson_guard"
		{
			"Mode"		"1"
		}
		"item_blade_mail"
		{
			"Mode"		"1"
		}
		"item_manta"
		{
			"Mode"		"1"
		}
		"item_invis_sword"
		{
			"Mode"		"1"
		}
		"item_silver_edge"
		{
			"Mode"		"1"
		}
		"item_satanic"
		{
			"Mode"		"1"
		}
		"item_mask_of_madness"
		{
			"Mode"		"1"
		}
		"item_soul_ring"
		{
			"Mode"		"1"
		}
		"item_arcane_boots"
		{
			"Mode"		"1"
		}
		"item_ancient_janggo"
		{
			"Mode"		"1"
		}
		"item_boots_of_bearing"
		{
			"Mode"		"1"
		}
		"item_smoke_of_deceit"
		{
			"Mode"		"1"
		}
		"item_guardian_greaves"
		{
			"Mode"		"1"
		}
		"item_iron_talon"
		{
			"Mode"		"1"
		}
		"item_force_field"
		{
			"Mode"		"1"
		}
		"item_craggy_coat"
		{
			"Mode"		"1"
		}
		"item_ironwood_tree"
		{
			"Mode"		"1"
		}
		"item_vambrace"
		{
			"Mode"		"1"
		}
		"item_ninja_gear"
		{
			"Mode"		"1"
		}
		"item_havoc_hammer"
		{
			"Mode"		"1"
		}
		"item_demonicon"
		{
			"Mode"		"1"
		}
		"item_arcane_ring"
		{
			"Mode"		"1"
		}
		"item_trickster_cloak"
		{
			"Mode"		"1"
		}
		"item_unstable_wand"
		{
			"Mode"		"1"
		}
		"item_ogre_seal_totem"
		{
			"Mode"		"1"
		}
		"item_light_collector"
		{
			"Mode"		"1"
		}
		"item_spider_legs"
		{
			"Mode"		"1"
		}
		"item_essence_ring"
		{
			"Mode"		"1"
		}
		"item_minotaur_horn"
		{
			"Mode"		"1"
		}
		"item_pogo_stick"
		{
			"Mode"		"1"
		}
		"item_mana_draught"
		{
			"Mode"		"1"
		}
		"item_rippers_lash"
		{
			"Mode"		"0"
		}
		"item_crippling_crossbow"
		{
			"Mode"		"1"
		}
		"item_gale_guard"
		{
			"Mode"		"1"
		}
		"item_polliwog_charm"
		{
			"Mode"		"1"
		}
		"item_pyrrhic_cloak"
		{
			"Mode"		"1"
		}
		"item_kobold_cup"
		{
			"Mode"		"1"
		}
		"item_jidi_pollen_bag"
		{
			"Mode"		"1"
		}
		"item_outworld_staff"
		{
			"Mode"		"1"
		}
		"item_roshans_banner"
		{
			"Mode"		"1"
		}
		"item_essence_distiller"
		{
			"Mode"		"1"
		}
		"item_crellas_crozier"
		{
			"Mode"		"1"
		}
		"item_heavy_blade"
		{
			"Mode"		"1"
		}
		"item_dagger_of_ristul"
		{
			"Mode"		"1"
		}
		"item_ash_legion_shield"
		{
			"Mode"		"1"
		}
		"item_riftshadow_prism"
		{
			"Mode"		"1"
		}
		"item_metamorphic_mandible"
		{
			"Mode"		"1"
		}
		"item_idol_of_screeauk"
		{
			"Mode"		"1"
		}
		"item_flayers_bota"
		{
			"Mode"		"1"
		}
		"item_stonefeather_satchel"
		{
			"Mode"		"1"
		}
	}
	"AllowGuiKeyToBind"		"0"
}
